pathway_id,pathway,frequency,utilization_percentage
P1,"('ER Registration', 'ER Triage', 'ER Sepsis Triage')",35,3.3333333333333335
P2,"('ER Registration', 'ER Triage', 'ER Sepsis Triage', 'Leucocytes', 'CRP')",24,2.2857142857142856
P3,"('ER Registration', 'ER Triage', 'ER Sepsis Triage', 'CRP', 'Leucocytes')",22,2.0952380952380953
P4,"('ER Registration', 'ER Triage', 'ER Sepsis Triage', 'CRP', 'LacticAcid', 'Leucocytes', 'IV Liquid', 'IV Antibiotics')",13,1.2380952380952381
P5,"('ER Registration', 'ER Triage', 'ER Sepsis Triage', 'Leucocytes', 'CRP', 'LacticAcid')",11,1.0476190476190477
P6,"('ER Registration', 'ER Triage', 'ER Sepsis Triage', 'Leucocytes', 'CRP', 'LacticAcid', 'IV Liquid', 'IV Antibiotics')",9,0.8571428571428572
P7,"('ER Registration', 'ER Triage', 'ER Sepsis Triage', 'Leucocytes', 'LacticAcid', 'CRP', 'IV Liquid', 'IV Antibiotics')",7,0.6666666666666667
P8,"('ER Registration', 'ER Triage', 'ER Sepsis Triage', 'CRP', 'Leucocytes', 'LacticAcid', 'IV Liquid', 'IV Antibiotics')",5,0.4761904761904762
P9,"('ER Registration', 'ER Triage', 'CRP', 'Leucocytes', 'ER Sepsis Triage')",5,0.4761904761904762
P10,"('ER Registration', 'ER Triage', 'ER Sepsis Triage', 'LacticAcid', 'Leucocytes', 'CRP', 'IV Liquid', 'IV Antibiotics')",5,0.4761904761904762
P11,"('ER Registration', 'ER Triage', 'ER Sepsis Triage', 'Leucocytes', 'CRP', 'Admission NC', 'Release A')",5,0.4761904761904762
P12,"('ER Registration', 'ER Triage', 'ER Sepsis Triage', 'IV Liquid', 'CRP', 'Leucocytes', 'LacticAcid', 'IV Antibiotics')",4,0.38095238095238093
P13,"('ER Registration', 'ER Triage', 'ER Sepsis Triage', 'CRP', 'Leucocytes', 'Admission NC', 'Release A')",4,0.38095238095238093
P14,"('ER Registration', 'ER Triage', 'ER Sepsis Triage', 'CRP', 'LacticAcid', 'Leucocytes')",4,0.38095238095238093
P15,"('ER Registration', 'ER Triage', 'ER Sepsis Triage', 'LacticAcid', 'Leucocytes', 'CRP', 'IV Liquid', 'IV Antibiotics', 'Admission NC', 'Release A')",4,0.38095238095238093
P16,"('ER Registration', 'ER Triage', 'ER Sepsis Triage', 'Leucocytes', 'CRP', 'LacticAcid', 'IV Liquid', 'IV Antibiotics', 'Admission NC', 'Leucocytes', 'CRP', 'Release A')",4,0.38095238095238093
P17,"('ER Registration', 'ER Triage', 'ER Sepsis Triage', 'Leucocytes', 'LacticAcid', 'CRP', 'IV Liquid', 'IV Antibiotics', 'Admission NC', 'CRP', 'Leucocytes', 'Release A')",4,0.38095238095238093
P18,"('ER Registration', 'ER Triage', 'Leucocytes', 'CRP', 'ER Sepsis Triage')",4,0.38095238095238093
P19,"('ER Registration', 'ER Triage', 'CRP', 'LacticAcid', 'Leucocytes', 'ER Sepsis Triage', 'IV Liquid', 'IV Antibiotics')",3,0.2857142857142857
P20,"('ER Registration', 'ER Triage', 'ER Sepsis Triage', 'IV Liquid', 'IV Antibiotics', 'Leucocytes', 'LacticAcid', 'CRP')",3,0.2857142857142857
P21,"('ER Registration', 'ER Triage', 'ER Sepsis Triage', 'CRP', 'LacticAcid', 'Leucocytes', 'IV Liquid', 'IV Antibiotics', 'Admission NC', 'Release A')",3,0.2857142857142857
P22,"('ER Registration', 'ER Triage', 'ER Sepsis Triage', 'IV Liquid', 'Leucocytes', 'LacticAcid', 'CRP', 'IV Antibiotics', 'Admission NC')",3,0.2857142857142857
P23,"('ER Registration', 'ER Triage', 'ER Sepsis Triage', 'IV Liquid', 'IV Antibiotics', 'Leucocytes', 'LacticAcid', 'CRP', 'Admission NC', 'Leucocytes', 'CRP', 'Release A', 'Return ER')",3,0.2857142857142857
P24,"('ER Registration', 'ER Triage', 'ER Sepsis Triage', 'IV Liquid', 'Leucocytes', 'CRP', 'LacticAcid', 'IV Antibiotics', 'Admission NC', 'Leucocytes', 'CRP', 'Release A', 'Return ER')",3,0.2857142857142857
P25,"('ER Registration', 'ER Triage', 'Leucocytes', 'CRP', 'LacticAcid', 'ER Sepsis Triage', 'IV Liquid', 'IV Antibiotics')",3,0.2857142857142857
P26,"('ER Registration', 'ER Triage', 'ER Sepsis Triage', 'Leucocytes', 'CRP', 'LacticAcid', 'IV Liquid', 'IV Antibiotics', 'Admission NC', 'CRP', 'Release A', 'Return ER')",3,0.2857142857142857
P27,"('ER Registration', 'ER Triage', 'LacticAcid', 'Leucocytes', 'CRP', 'ER Sepsis Triage', 'IV Liquid', 'IV Antibiotics')",3,0.2857142857142857
P28,"('ER Registration', 'ER Triage', 'ER Sepsis Triage', 'CRP', 'LacticAcid', 'Leucocytes', 'IV Liquid', 'IV Antibiotics', 'Admission NC', 'Leucocytes', 'CRP', 'Release A', 'Return ER')",2,0.19047619047619047
P29,"('ER Registration', 'ER Triage', 'ER Sepsis Triage', 'LacticAcid', 'CRP', 'Leucocytes', 'IV Liquid', 'IV Antibiotics', 'Admission NC', 'Leucocytes', 'CRP', 'Release A')",2,0.19047619047619047
P30,"('ER Registration', 'ER Triage', 'ER Sepsis Triage', 'LacticAcid', 'CRP', 'Leucocytes', 'IV Liquid', 'IV Antibiotics', 'Admission NC', 'Release A')",2,0.19047619047619047
P31,"('ER Registration', 'ER Triage', 'ER Sepsis Triage', 'LacticAcid', 'Leucocytes', 'CRP')",2,0.19047619047619047
P32,"('ER Registration', 'ER Triage', 'ER Sepsis Triage', 'IV Liquid', 'CRP', 'LacticAcid', 'Leucocytes', 'IV Antibiotics', 'Admission NC', 'Leucocytes', 'CRP', 'Leucocytes', 'CRP', 'Leucocytes', 'Release A', 'Return ER')",2,0.19047619047619047
P33,"('ER Registration', 'ER Triage', 'ER Sepsis Triage', 'LacticAcid', 'Leucocytes', 'CRP', 'IV Liquid', 'IV Antibiotics', 'Admission NC', 'CRP', 'Leucocytes', 'Leucocytes', 'CRP', 'Release A')",2,0.19047619047619047
P34,"('ER Registration', 'ER Triage', 'ER Sepsis Triage', 'LacticAcid', 'Leucocytes', 'CRP', 'IV Liquid', 'IV Antibiotics', 'Admission NC', 'CRP', 'Release A', 'Return ER')",2,0.19047619047619047
P35,"('ER Registration', 'ER Triage', 'ER Sepsis Triage', 'LacticAcid', 'Leucocytes', 'CRP', 'IV Liquid', 'IV Antibiotics', 'Admission NC', 'Leucocytes', 'CRP', 'CRP', 'Leucocytes', 'Release A')",2,0.19047619047619047
P36,"('ER Registration', 'ER Triage', 'ER Sepsis Triage', 'LacticAcid', 'Leucocytes', 'CRP', 'IV Liquid', 'IV Antibiotics', 'Admission NC', 'Leucocytes', 'CRP', 'Release A', 'Return ER')",2,0.19047619047619047
P37,"('ER Registration', 'ER Triage', 'ER Sepsis Triage', 'LacticAcid', 'CRP', 'Leucocytes', 'Admission NC', 'Release A', 'Return ER')",2,0.19047619047619047
P38,"('ER Registration', 'ER Triage', 'ER Sepsis Triage', 'Leucocytes', 'Admission NC', 'Release A')",2,0.19047619047619047
P39,"('ER Registration', 'ER Triage', 'ER Sepsis Triage', 'IV Liquid', 'Leucocytes', 'CRP', 'LacticAcid', 'IV Antibiotics')",2,0.19047619047619047
P40,"('ER Registration', 'ER Triage', 'ER Sepsis Triage', 'Leucocytes', 'CRP', 'Admission NC', 'Leucocytes', 'CRP', 'Release A', 'Return ER')",2,0.19047619047619047
P41,"('ER Registration', 'ER Triage', 'ER Sepsis Triage', 'CRP', 'LacticAcid', 'Leucocytes', 'IV Liquid', 'IV Antibiotics', 'Admission NC', 'CRP', 'Leucocytes', 'Release A')",2,0.19047619047619047
P42,"('ER Registration', 'ER Triage', 'ER Sepsis Triage', 'Leucocytes', 'CRP', 'IV Antibiotics', 'IV Liquid')",2,0.19047619047619047
P43,"('ER Registration', 'ER Triage', 'ER Sepsis Triage', 'IV Liquid', 'IV Antibiotics', 'Leucocytes', 'CRP', 'LacticAcid', 'Admission NC', 'CRP', 'Leucocytes', 'Leucocytes', 'CRP', 'Release A', 'Return ER')",2,0.19047619047619047
P44,"('ER Registration', 'ER Triage', 'ER Sepsis Triage', 'Leucocytes', 'CRP', 'LacticAcid', 'Admission NC', 'Release B')",2,0.19047619047619047
P45,"('ER Registration', 'ER Triage', 'ER Sepsis Triage', 'CRP', 'Leucocytes', 'LacticAcid')",2,0.19047619047619047
P46,"('ER Registration', 'ER Triage', 'ER Sepsis Triage', 'Leucocytes', 'CRP', 'LacticAcid', 'IV Liquid', 'IV Antibiotics', 'Admission NC', 'Admission NC', 'Leucocytes', 'CRP', 'Release A')",2,0.19047619047619047
P47,"('ER Registration', 'ER Triage', 'ER Sepsis Triage', 'Leucocytes', 'CRP', 'LacticAcid', 'IV Liquid', 'IV Antibiotics', 'Admission NC', 'Admission NC', 'Leucocytes', 'CRP', 'Release A', 'Return ER')",2,0.19047619047619047
P48,"('ER Registration', 'ER Triage', 'ER Sepsis Triage', 'CRP', 'LacticAcid', 'Leucocytes', 'IV Liquid', 'IV Antibiotics', 'Admission NC', 'Leucocytes', 'CRP', 'Admission NC', 'CRP', 'Leucocytes', 'Release A')",2,0.19047619047619047
P49,"('ER Registration', 'ER Triage', 'ER Sepsis Triage', 'Leucocytes', 'CRP', 'LacticAcid', 'IV Liquid', 'IV Antibiotics', 'Admission NC', 'CRP', 'Leucocytes', 'Release A')",2,0.19047619047619047
P50,"('ER Registration', 'ER Triage', 'ER Sepsis Triage', 'Admission NC', 'Release A')",2,0.19047619047619047
P51,"('ER Registration', 'ER Triage', 'ER Sepsis Triage', 'Leucocytes', 'CRP', 'LacticAcid', 'IV Liquid', 'IV Antibiotics', 'Admission NC', 'Leucocytes', 'CRP', 'Admission NC', 'Leucocytes', 'CRP', 'Release A')",2,0.19047619047619047
P52,"('ER Registration', 'ER Triage', 'ER Sepsis Triage', 'Leucocytes', 'CRP', 'LacticAcid', 'IV Liquid', 'IV Antibiotics', 'Admission NC', 'Leucocytes', 'CRP', 'CRP', 'Leucocytes', 'Release A')",2,0.19047619047619047
P53,"('ER Registration', 'ER Triage', 'ER Sepsis Triage', 'CRP', 'Leucocytes', 'LacticAcid', 'IV Liquid', 'IV Antibiotics', 'Admission NC', 'Leucocytes', 'CRP', 'Leucocytes', 'CRP', 'Release A')",2,0.19047619047619047
P54,"('ER Registration', 'ER Triage', 'ER Sepsis Triage', 'Leucocytes', 'CRP', 'LacticAcid', 'IV Liquid', 'IV Antibiotics', 'Admission NC', 'Leucocytes', 'CRP', 'Release A', 'Return ER')",2,0.19047619047619047
P55,"('ER Registration', 'ER Triage', 'ER Sepsis Triage', 'Leucocytes', 'CRP', 'LacticAcid', 'IV Liquid', 'IV Antibiotics', 'Admission NC', 'CRP', 'Leucocytes', 'CRP', 'Leucocytes', 'CRP', 'Release A')",2,0.19047619047619047
P56,"('ER Registration', 'ER Triage', 'ER Sepsis Triage', 'Leucocytes', 'LacticAcid', 'CRP', 'IV Antibiotics')",2,0.19047619047619047
P57,"('ER Registration', 'ER Triage', 'ER Sepsis Triage', 'IV Liquid', 'IV Antibiotics', 'CRP', 'Leucocytes', 'LacticAcid')",2,0.19047619047619047
P58,"('ER Registration', 'ER Triage', 'ER Sepsis Triage', 'Leucocytes', 'LacticAcid', 'CRP', 'IV Liquid', 'IV Antibiotics', 'Admission NC')",2,0.19047619047619047
P59,"('ER Registration', 'ER Triage', 'ER Sepsis Triage', 'IV Liquid', 'IV Antibiotics', 'CRP', 'LacticAcid', 'Leucocytes')",2,0.19047619047619047
P60,"('ER Registration', 'ER Triage', 'ER Sepsis Triage', 'IV Liquid', 'IV Antibiotics', 'LacticAcid', 'Leucocytes', 'CRP')",2,0.19047619047619047
P61,"('ER Registration', 'ER Triage', 'ER Sepsis Triage', 'LacticAcid', 'CRP', 'Leucocytes', 'IV Liquid', 'IV Antibiotics')",2,0.19047619047619047
P62,"('ER Registration', 'ER Triage', 'ER Sepsis Triage', 'Leucocytes', 'CRP', 'LacticAcid', 'IV Liquid', 'IV Antibiotics', 'Admission NC', 'Release A')",2,0.19047619047619047
P63,"('ER Registration', 'ER Triage', 'CRP', 'LacticAcid', 'Leucocytes', 'ER Sepsis Triage', 'IV Antibiotics', 'IV Liquid', 'Admission NC', 'Leucocytes', 'CRP', 'Leucocytes', 'CRP', 'Release A')",1,0.09523809523809523
P64,"('ER Registration', 'ER Triage', 'CRP', 'LacticAcid', 'Leucocytes', 'ER Sepsis Triage', 'IV Liquid', 'IV Antibiotics', 'Admission IC', 'Leucocytes', 'CRP', 'LacticAcid', 'CRP', 'Leucocytes', 'LacticAcid', 'Release B')",1,0.09523809523809523
P65,"('ER Registration', 'ER Triage', 'CRP', 'LacticAcid', 'Leucocytes', 'ER Sepsis Triage', 'IV Liquid', 'IV Antibiotics', 'Admission NC', 'Admission NC', 'Leucocytes', 'CRP', 'CRP', 'Leucocytes', 'CRP', 'Leucocytes', 'Leucocytes', 'CRP', 'Release D', 'Return ER')",1,0.09523809523809523
P66,"('ER Registration', 'ER Triage', 'CRP', 'LacticAcid', 'Leucocytes', 'ER Sepsis Triage', 'IV Liquid', 'IV Antibiotics', 'Admission NC', 'Admission NC', 'Leucocytes', 'CRP', 'Release A', 'Return ER')",1,0.09523809523809523
P67,"('ER Registration', 'ER Triage', 'CRP', 'LacticAcid', 'Leucocytes', 'ER Sepsis Triage', 'IV Liquid', 'IV Antibiotics', 'Admission NC', 'CRP', 'CRP', 'Release A')",1,0.09523809523809523
P68,"('ER Registration', 'ER Triage', 'CRP', 'LacticAcid', 'Leucocytes', 'ER Sepsis Triage', 'IV Liquid', 'IV Antibiotics', 'Admission NC', 'CRP', 'Leucocytes', 'Admission NC', 'Release A')",1,0.09523809523809523
P69,"('ER Registration', 'ER Triage', 'CRP', 'LacticAcid', 'Leucocytes', 'ER Sepsis Triage', 'IV Liquid', 'IV Antibiotics', 'Admission NC', 'CRP', 'Leucocytes', 'CRP', 'Leucocytes', 'Leucocytes', 'Leucocytes', 'CRP', 'Release A', 'Return ER')",1,0.09523809523809523
P70,"('ER Registration', 'ER Triage', 'CRP', 'LacticAcid', 'Leucocytes', 'ER Sepsis Triage', 'IV Liquid', 'IV Antibiotics', 'Admission NC', 'CRP', 'Leucocytes', 'CRP', 'Leucocytes', 'Release A', 'Return ER')",1,0.09523809523809523
P71,"('ER Registration', 'ER Triage', 'CRP', 'LacticAcid', 'Leucocytes', 'ER Sepsis Triage', 'IV Liquid', 'IV Antibiotics', 'Admission NC', 'CRP', 'Leucocytes', 'Leucocytes', 'CRP', 'Leucocytes', 'CRP', 'Release A')",1,0.09523809523809523
P72,"('ER Registration', 'ER Triage', 'CRP', 'LacticAcid', 'Leucocytes', 'ER Sepsis Triage', 'IV Liquid', 'IV Antibiotics', 'Admission NC', 'CRP', 'Leucocytes', 'Leucocytes', 'CRP', 'Release A', 'Return ER')",1,0.09523809523809523
P73,"('ER Registration', 'ER Triage', 'CRP', 'LacticAcid', 'Leucocytes', 'ER Sepsis Triage', 'IV Liquid', 'IV Antibiotics', 'Admission NC', 'CRP', 'Leucocytes', 'Release A')",1,0.09523809523809523
P74,"('ER Registration', 'ER Triage', 'CRP', 'LacticAcid', 'Leucocytes', 'ER Sepsis Triage', 'IV Liquid', 'IV Antibiotics', 'Admission NC', 'Leucocytes', 'CRP', 'CRP', 'Leucocytes', 'Release A', 'Return ER')",1,0.09523809523809523
P75,"('ER Registration', 'ER Triage', 'CRP', 'LacticAcid', 'Leucocytes', 'ER Sepsis Triage', 'IV Liquid', 'IV Antibiotics', 'Admission NC', 'Leucocytes', 'CRP', 'Leucocytes', 'Leucocytes', 'CRP', 'Leucocytes', 'Admission NC', 'Release A', 'Return ER')",1,0.09523809523809523
P76,"('ER Registration', 'ER Triage', 'CRP', 'LacticAcid', 'Leucocytes', 'IV Liquid', 'Admission NC', 'ER Sepsis Triage', 'IV Antibiotics', 'Admission IC', 'CRP', 'LacticAcid', 'Leucocytes', 'Leucocytes', 'CRP', 'LacticAcid', 'Admission NC', 'Leucocytes', 'CRP', 'CRP', 'Leucocytes', 'Release A')",1,0.09523809523809523
P77,"('ER Registration', 'ER Triage', 'CRP', 'LacticAcid', 'Leucocytes', 'IV Liquid', 'ER Sepsis Triage', 'IV Antibiotics', 'Admission NC', 'CRP', 'LacticAcid', 'CRP', 'Release A')",1,0.09523809523809523
P78,"('ER Registration', 'ER Triage', 'CRP', 'Leucocytes', 'ER Sepsis Triage', 'Admission NC', 'CRP', 'Leucocytes', 'CRP', 'Release A', 'Return ER')",1,0.09523809523809523
P79,"('ER Registration', 'ER Triage', 'CRP', 'Leucocytes', 'ER Sepsis Triage', 'Admission NC', 'Release A')",1,0.09523809523809523
P80,"('ER Registration', 'ER Triage', 'CRP', 'Leucocytes', 'ER Sepsis Triage', 'IV Antibiotics', 'Admission NC', 'LacticAcid', 'Admission NC', 'Release B')",1,0.09523809523809523
P81,"('ER Registration', 'ER Triage', 'CRP', 'Leucocytes', 'ER Sepsis Triage', 'IV Liquid', 'LacticAcid', 'IV Antibiotics')",1,0.09523809523809523
P82,"('ER Registration', 'ER Triage', 'CRP', 'Leucocytes', 'LacticAcid', 'Admission NC', 'ER Sepsis Triage', 'IV Liquid', 'IV Antibiotics', 'Admission NC', 'Leucocytes', 'CRP', 'Release A')",1,0.09523809523809523
P83,"('ER Registration', 'ER Triage', 'CRP', 'Leucocytes', 'LacticAcid', 'Admission NC', 'ER Sepsis Triage', 'IV Liquid', 'IV Antibiotics', 'Release A')",1,0.09523809523809523
P84,"('ER Registration', 'ER Triage', 'CRP', 'Leucocytes', 'LacticAcid', 'ER Sepsis Triage', 'Admission NC', 'Leucocytes', 'CRP', 'Leucocytes', 'CRP', 'CRP', 'Leucocytes', 'CRP', 'Leucocytes', 'Leucocytes', 'CRP', 'CRP', 'Leucocytes', 'Leucocytes', 'CRP', 'Release B')",1,0.09523809523809523
P85,"('ER Registration', 'ER Triage', 'CRP', 'Leucocytes', 'LacticAcid', 'ER Sepsis Triage', 'Admission NC', 'Release B')",1,0.09523809523809523
P86,"('ER Registration', 'ER Triage', 'CRP', 'Leucocytes', 'LacticAcid', 'ER Sepsis Triage', 'IV Antibiotics', 'Admission NC', 'Admission NC', 'Leucocytes', 'CRP', 'Leucocytes', 'CRP', 'Release D', 'Return ER')",1,0.09523809523809523
P87,"('ER Registration', 'ER Triage', 'CRP', 'Leucocytes', 'LacticAcid', 'ER Sepsis Triage', 'IV Liquid', 'IV Antibiotics')",1,0.09523809523809523
P88,"('ER Registration', 'ER Triage', 'CRP', 'Leucocytes', 'LacticAcid', 'ER Sepsis Triage', 'IV Liquid', 'IV Antibiotics', 'Admission IC', 'LacticAcid', 'CRP', 'Leucocytes', 'Leucocytes', 'CRP', 'LacticAcid', 'CRP', 'LacticAcid', 'Leucocytes', 'Admission NC', 'Leucocytes', 'CRP', 'Release A', 'Return ER')",1,0.09523809523809523
P89,"('ER Registration', 'ER Triage', 'CRP', 'Leucocytes', 'LacticAcid', 'ER Sepsis Triage', 'IV Liquid', 'IV Antibiotics', 'Admission NC', 'Admission IC', 'CRP', 'LacticAcid', 'Leucocytes', 'LacticAcid', 'Leucocytes', 'CRP', 'LacticAcid', 'Admission IC', 'LacticAcid', 'CRP', 'Leucocytes', 'LacticAcid', 'Leucocytes', 'CRP', 'Leucocytes', 'CRP', 'LacticAcid', 'Admission NC', 'CRP', 'Leucocytes', 'CRP', 'Leucocytes', 'CRP', 'Leucocytes', 'Admission NC', 'CRP', 'Leucocytes', 'Release A', 'Return ER')",1,0.09523809523809523
P90,"('ER Registration', 'ER Triage', 'CRP', 'Leucocytes', 'LacticAcid', 'ER Sepsis Triage', 'IV Liquid', 'IV Antibiotics', 'Admission NC', 'CRP', 'Leucocytes', 'CRP', 'CRP', 'Release A')",1,0.09523809523809523
P91,"('ER Registration', 'ER Triage', 'CRP', 'Leucocytes', 'LacticAcid', 'ER Sepsis Triage', 'IV Liquid', 'IV Antibiotics', 'Admission NC', 'CRP', 'Leucocytes', 'Leucocytes', 'CRP', 'CRP', 'Leucocytes', 'Release A', 'Return ER')",1,0.09523809523809523
P92,"('ER Registration', 'ER Triage', 'CRP', 'Leucocytes', 'LacticAcid', 'ER Sepsis Triage', 'IV Liquid', 'IV Antibiotics', 'Admission NC', 'Leucocytes', 'Admission NC', 'Leucocytes', 'Leucocytes', 'Leucocytes', 'Leucocytes', 'Release A', 'Return ER')",1,0.09523809523809523
P93,"('ER Registration', 'ER Triage', 'CRP', 'Leucocytes', 'LacticAcid', 'ER Sepsis Triage', 'IV Liquid', 'IV Antibiotics', 'Admission NC', 'Leucocytes', 'CRP', 'CRP', 'Release A')",1,0.09523809523809523
P94,"('ER Registration', 'ER Triage', 'CRP', 'Leucocytes', 'LacticAcid', 'ER Sepsis Triage', 'IV Liquid', 'IV Antibiotics', 'Admission NC', 'Leucocytes', 'CRP', 'Leucocytes', 'CRP', 'Leucocytes', 'CRP', 'Leucocytes', 'Release A', 'Return ER')",1,0.09523809523809523
P95,"('ER Registration', 'ER Triage', 'CRP', 'Leucocytes', 'LacticAcid', 'ER Sepsis Triage', 'IV Liquid', 'IV Antibiotics', 'Admission NC', 'Leucocytes', 'Leucocytes', 'Leucocytes', 'CRP', 'CRP', 'Leucocytes', 'Leucocytes', 'CRP', 'Release B')",1,0.09523809523809523
P96,"('ER Registration', 'ER Triage', 'ER Sepsis Triage', 'Admission NC', 'Admission IC', 'Leucocytes', 'CRP', 'LacticAcid', 'Leucocytes', 'LacticAcid', 'CRP', 'Leucocytes', 'CRP', 'LacticAcid', 'Admission NC', 'CRP', 'Leucocytes', 'Leucocytes', 'CRP', 'CRP', 'Leucocytes', 'Release A')",1,0.09523809523809523
P97,"('ER Registration', 'ER Triage', 'ER Sepsis Triage', 'CRP', 'Admission NC', 'Admission NC', 'Release A', 'Return ER')",1,0.09523809523809523
P98,"('ER Registration', 'ER Triage', 'ER Sepsis Triage', 'CRP', 'LacticAcid', 'Leucocytes', 'Admission IC', 'Admission NC', 'CRP', 'Leucocytes', 'CRP', 'Admission NC', 'Release B')",1,0.09523809523809523
P99,"('ER Registration', 'ER Triage', 'ER Sepsis Triage', 'CRP', 'LacticAcid', 'Leucocytes', 'Admission NC', 'Admission NC', 'CRP', 'CRP', 'CRP', 'Release A')",1,0.09523809523809523
P100,"('ER Registration', 'ER Triage', 'ER Sepsis Triage', 'CRP', 'LacticAcid', 'Leucocytes', 'Admission NC', 'Admission NC', 'Release A')",1,0.09523809523809523
P101,"('ER Registration', 'ER Triage', 'ER Sepsis Triage', 'CRP', 'LacticAcid', 'Leucocytes', 'Admission NC', 'CRP', 'Leucocytes', 'LacticAcid', 'Leucocytes', 'CRP', 'Release A')",1,0.09523809523809523
P102,"('ER Registration', 'ER Triage', 'ER Sepsis Triage', 'CRP', 'LacticAcid', 'Leucocytes', 'Admission NC', 'IV Liquid', 'IV Antibiotics', 'CRP', 'Leucocytes', 'Release A')",1,0.09523809523809523
P103,"('ER Registration', 'ER Triage', 'ER Sepsis Triage', 'CRP', 'LacticAcid', 'Leucocytes', 'Admission NC', 'Leucocytes', 'CRP', 'Leucocytes', 'Admission NC', 'LacticAcid', 'CRP', 'Leucocytes', 'Release B')",1,0.09523809523809523
P104,"('ER Registration', 'ER Triage', 'ER Sepsis Triage', 'CRP', 'LacticAcid', 'Leucocytes', 'Admission NC', 'Leucocytes', 'CRP', 'Leucocytes', 'CRP', 'Release A')",1,0.09523809523809523
P105,"('ER Registration', 'ER Triage', 'ER Sepsis Triage', 'CRP', 'LacticAcid', 'Leucocytes', 'IV Antibiotics')",1,0.09523809523809523
P106,"('ER Registration', 'ER Triage', 'ER Sepsis Triage', 'CRP', 'LacticAcid', 'Leucocytes', 'IV Antibiotics', 'Admission NC', 'Admission NC', 'CRP', 'CRP', 'Leucocytes', 'CRP', 'CRP', 'Leucocytes', 'CRP', 'Leucocytes', 'CRP', 'Leucocytes', 'Release A', 'Return ER')",1,0.09523809523809523
P107,"('ER Registration', 'ER Triage', 'ER Sepsis Triage', 'CRP', 'LacticAcid', 'Leucocytes', 'IV Antibiotics', 'Admission NC', 'Admission NC', 'CRP', 'Leucocytes', 'Release B')",1,0.09523809523809523
P108,"('ER Registration', 'ER Triage', 'ER Sepsis Triage', 'CRP', 'LacticAcid', 'Leucocytes', 'IV Antibiotics', 'Admission NC', 'IV Liquid')",1,0.09523809523809523
P109,"('ER Registration', 'ER Triage', 'ER Sepsis Triage', 'CRP', 'LacticAcid', 'Leucocytes', 'IV Antibiotics', 'Admission NC', 'IV Liquid', 'Leucocytes', 'CRP', 'Release A', 'Return ER')",1,0.09523809523809523
P110,"('ER Registration', 'ER Triage', 'ER Sepsis Triage', 'CRP', 'LacticAcid', 'Leucocytes', 'IV Antibiotics', 'Admission NC', 'IV Liquid', 'Release B')",1,0.09523809523809523
P111,"('ER Registration', 'ER Triage', 'ER Sepsis Triage', 'CRP', 'LacticAcid', 'Leucocytes', 'IV Antibiotics', 'Admission NC', 'Leucocytes', 'CRP', 'Admission NC', 'IV Liquid', 'CRP', 'Leucocytes', 'Leucocytes', 'CRP', 'Release A', 'Return ER')",1,0.09523809523809523
P112,"('ER Registration', 'ER Triage', 'ER Sepsis Triage', 'CRP', 'LacticAcid', 'Leucocytes', 'IV Antibiotics', 'Admission NC', 'Leucocytes', 'CRP', 'CRP', 'Release A', 'Return ER')",1,0.09523809523809523
P113,"('ER Registration', 'ER Triage', 'ER Sepsis Triage', 'CRP', 'LacticAcid', 'Leucocytes', 'IV Antibiotics', 'Admission NC', 'Leucocytes', 'CRP', 'Release A')",1,0.09523809523809523
P114,"('ER Registration', 'ER Triage', 'ER Sepsis Triage', 'CRP', 'LacticAcid', 'Leucocytes', 'IV Antibiotics', 'IV Liquid', 'Admission NC', 'Admission NC', 'CRP', 'Leucocytes', 'Leucocytes', 'CRP', 'Release A')",1,0.09523809523809523
P115,"('ER Registration', 'ER Triage', 'ER Sepsis Triage', 'CRP', 'LacticAcid', 'Leucocytes', 'IV Antibiotics', 'IV Liquid', 'Admission NC', 'CRP', 'Leucocytes', 'CRP', 'Release A', 'Return ER')",1,0.09523809523809523
P116,"('ER Registration', 'ER Triage', 'ER Sepsis Triage', 'CRP', 'LacticAcid', 'Leucocytes', 'IV Antibiotics', 'IV Liquid', 'Admission NC', 'Leucocytes', 'CRP', 'Admission NC', 'Leucocytes', 'CRP', 'Release A', 'Return ER')",1,0.09523809523809523
P117,"('ER Registration', 'ER Triage', 'ER Sepsis Triage', 'CRP', 'LacticAcid', 'Leucocytes', 'IV Antibiotics', 'IV Liquid', 'Admission NC', 'Leucocytes', 'CRP', 'Release A', 'Return ER')",1,0.09523809523809523
P118,"('ER Registration', 'ER Triage', 'ER Sepsis Triage', 'CRP', 'LacticAcid', 'Leucocytes', 'IV Antibiotics', 'IV Liquid', 'LacticAcid')",1,0.09523809523809523
P119,"('ER Registration', 'ER Triage', 'ER Sepsis Triage', 'CRP', 'LacticAcid', 'Leucocytes', 'IV Liquid', 'IV Antibiotics', 'Admission IC', 'CRP', 'Leucocytes', 'LacticAcid', 'LacticAcid', 'Leucocytes', 'CRP', 'LacticAcid', 'Leucocytes', 'CRP', 'Leucocytes', 'CRP', 'LacticAcid', 'Leucocytes', 'CRP', 'LacticAcid', 'Admission NC', 'CRP', 'Leucocytes', 'CRP', 'Leucocytes', 'Release A')",1,0.09523809523809523
P120,"('ER Registration', 'ER Triage', 'ER Sepsis Triage', 'CRP', 'LacticAcid', 'Leucocytes', 'IV Liquid', 'IV Antibiotics', 'Admission IC', 'LacticAcid', 'Leucocytes', 'CRP', 'LacticAcid', 'Leucocytes', 'CRP', 'LacticAcid', 'Admission NC', 'Leucocytes', 'CRP', 'Leucocytes', 'CRP', 'CRP', 'Leucocytes', 'Leucocytes', 'CRP', 'Leucocytes', 'CRP', 'Leucocytes', 'CRP', 'Release A', 'Return ER')",1,0.09523809523809523
P121,"('ER Registration', 'ER Triage', 'ER Sepsis Triage', 'CRP', 'LacticAcid', 'Leucocytes', 'IV Liquid', 'IV Antibiotics', 'Admission NC')",1,0.09523809523809523
P122,"('ER Registration', 'ER Triage', 'ER Sepsis Triage', 'CRP', 'LacticAcid', 'Leucocytes', 'IV Liquid', 'IV Antibiotics', 'Admission NC', 'Admission NC', 'Admission NC', 'Leucocytes', 'Leucocytes', 'CRP', 'Leucocytes', 'CRP', 'Admission IC', 'Leucocytes', 'CRP', 'LacticAcid', 'Leucocytes', 'Leucocytes', 'Leucocytes', 'Leucocytes', 'Leucocytes', 'Leucocytes', 'Leucocytes', 'CRP', 'LacticAcid', 'Leucocytes', 'Leucocytes', 'Leucocytes', 'Leucocytes', 'Leucocytes', 'Leucocytes', 'Leucocytes', 'Leucocytes', 'LacticAcid', 'CRP', 'LacticAcid', 'Leucocytes', 'CRP', 'Admission NC', 'Leucocytes', 'Leucocytes', 'Leucocytes', 'Release A', 'Return ER')",1,0.09523809523809523
P123,"('ER Registration', 'ER Triage', 'ER Sepsis Triage', 'CRP', 'LacticAcid', 'Leucocytes', 'IV Liquid', 'IV Antibiotics', 'Admission NC', 'Admission NC', 'CRP', 'CRP', 'Leucocytes', 'Leucocytes', 'CRP', 'Admission NC', 'Release A')",1,0.09523809523809523
P124,"('ER Registration', 'ER Triage', 'ER Sepsis Triage', 'CRP', 'LacticAcid', 'Leucocytes', 'IV Liquid', 'IV Antibiotics', 'Admission NC', 'Admission NC', 'CRP', 'Leucocytes', 'CRP', 'CRP', 'Release A')",1,0.09523809523809523
P125,"('ER Registration', 'ER Triage', 'ER Sepsis Triage', 'CRP', 'LacticAcid', 'Leucocytes', 'IV Liquid', 'IV Antibiotics', 'Admission NC', 'Admission NC', 'CRP', 'Leucocytes', 'CRP', 'Leucocytes', 'CRP', 'Leucocytes', 'Release A', 'Return ER')",1,0.09523809523809523
P126,"('ER Registration', 'ER Triage', 'ER Sepsis Triage', 'CRP', 'LacticAcid', 'Leucocytes', 'IV Liquid', 'IV Antibiotics', 'Admission NC', 'Admission NC', 'CRP', 'Leucocytes', 'CRP', 'Release A')",1,0.09523809523809523
P127,"('ER Registration', 'ER Triage', 'ER Sepsis Triage', 'CRP', 'LacticAcid', 'Leucocytes', 'IV Liquid', 'IV Antibiotics', 'Admission NC', 'Admission NC', 'CRP', 'Leucocytes', 'Release A')",1,0.09523809523809523
P128,"('ER Registration', 'ER Triage', 'ER Sepsis Triage', 'CRP', 'LacticAcid', 'Leucocytes', 'IV Liquid', 'IV Antibiotics', 'Admission NC', 'Admission NC', 'Leucocytes', 'CRP', 'CRP', 'Release A')",1,0.09523809523809523
P129,"('ER Registration', 'ER Triage', 'ER Sepsis Triage', 'CRP', 'LacticAcid', 'Leucocytes', 'IV Liquid', 'IV Antibiotics', 'Admission NC', 'Admission NC', 'Leucocytes', 'CRP', 'Leucocytes', 'CRP', 'Leucocytes', 'Leucocytes', 'Release A', 'Return ER')",1,0.09523809523809523
P130,"('ER Registration', 'ER Triage', 'ER Sepsis Triage', 'CRP', 'LacticAcid', 'Leucocytes', 'IV Liquid', 'IV Antibiotics', 'Admission NC', 'CRP', 'Leucocytes', 'Admission NC', 'Leucocytes', 'CRP', 'Release A')",1,0.09523809523809523
P131,"('ER Registration', 'ER Triage', 'ER Sepsis Triage', 'CRP', 'LacticAcid', 'Leucocytes', 'IV Liquid', 'IV Antibiotics', 'Admission NC', 'CRP', 'Leucocytes', 'Admission NC', 'Release A')",1,0.09523809523809523
P132,"('ER Registration', 'ER Triage', 'ER Sepsis Triage', 'CRP', 'LacticAcid', 'Leucocytes', 'IV Liquid', 'IV Antibiotics', 'Admission NC', 'CRP', 'Leucocytes', 'LacticAcid', 'Admission NC', 'CRP', 'Leucocytes', 'Release A')",1,0.09523809523809523
P133,"('ER Registration', 'ER Triage', 'ER Sepsis Triage', 'CRP', 'LacticAcid', 'Leucocytes', 'IV Liquid', 'IV Antibiotics', 'Admission NC', 'CRP', 'Leucocytes', 'Leucocytes', 'CRP', 'Leucocytes', 'CRP', 'Release A')",1,0.09523809523809523
P134,"('ER Registration', 'ER Triage', 'ER Sepsis Triage', 'CRP', 'LacticAcid', 'Leucocytes', 'IV Liquid', 'IV Antibiotics', 'Admission NC', 'CRP', 'Leucocytes', 'Leucocytes', 'CRP', 'Release C', 'Return ER')",1,0.09523809523809523
P135,"('ER Registration', 'ER Triage', 'ER Sepsis Triage', 'CRP', 'LacticAcid', 'Leucocytes', 'IV Liquid', 'IV Antibiotics', 'Admission NC', 'CRP', 'Leucocytes', 'Leucocytes', 'Release A', 'Return ER')",1,0.09523809523809523
P136,"('ER Registration', 'ER Triage', 'ER Sepsis Triage', 'CRP', 'LacticAcid', 'Leucocytes', 'IV Liquid', 'IV Antibiotics', 'Admission NC', 'LacticAcid', 'Leucocytes', 'CRP', 'Admission NC', 'Leucocytes', 'CRP', 'CRP', 'Leucocytes', 'Leucocytes', 'CRP', 'CRP', 'Leucocytes', 'CRP', 'CRP', 'CRP', 'Leucocytes', 'CRP', 'Leucocytes', 'CRP', 'CRP', 'Release D', 'Return ER')",1,0.09523809523809523
P137,"('ER Registration', 'ER Triage', 'ER Sepsis Triage', 'CRP', 'LacticAcid', 'Leucocytes', 'IV Liquid', 'IV Antibiotics', 'Admission NC', 'Leucocytes', 'Admission NC', 'CRP', 'CRP', 'Leucocytes', 'Leucocytes', 'Leucocytes', 'Leucocytes', 'CRP', 'Release D')",1,0.09523809523809523
P138,"('ER Registration', 'ER Triage', 'ER Sepsis Triage', 'CRP', 'LacticAcid', 'Leucocytes', 'IV Liquid', 'IV Antibiotics', 'Admission NC', 'Leucocytes', 'CRP', 'Admission NC', 'Leucocytes', 'CRP', 'CRP', 'CRP', 'Release A')",1,0.09523809523809523
P139,"('ER Registration', 'ER Triage', 'ER Sepsis Triage', 'CRP', 'LacticAcid', 'Leucocytes', 'IV Liquid', 'IV Antibiotics', 'Admission NC', 'Leucocytes', 'CRP', 'CRP', 'Leucocytes', 'CRP', 'Leucocytes', 'Leucocytes', 'CRP', 'CRP', 'Leucocytes', 'Leucocytes', 'CRP', 'CRP', 'Leucocytes', 'CRP', 'CRP', 'Release A')",1,0.09523809523809523
P140,"('ER Registration', 'ER Triage', 'ER Sepsis Triage', 'CRP', 'LacticAcid', 'Leucocytes', 'IV Liquid', 'IV Antibiotics', 'Admission NC', 'Leucocytes', 'CRP', 'CRP', 'Leucocytes', 'Leucocytes', 'CRP', 'CRP', 'CRP', 'Release A')",1,0.09523809523809523
P141,"('ER Registration', 'ER Triage', 'ER Sepsis Triage', 'CRP', 'LacticAcid', 'Leucocytes', 'IV Liquid', 'IV Antibiotics', 'Admission NC', 'Leucocytes', 'CRP', 'Leucocytes', 'CRP', 'CRP', 'Leucocytes', 'CRP', 'Leucocytes', 'CRP', 'Leucocytes', 'Release A', 'Return ER')",1,0.09523809523809523
P142,"('ER Registration', 'ER Triage', 'ER Sepsis Triage', 'CRP', 'LacticAcid', 'Leucocytes', 'IV Liquid', 'IV Antibiotics', 'Admission NC', 'Leucocytes', 'CRP', 'Leucocytes', 'CRP', 'Release A', 'Return ER')",1,0.09523809523809523
P143,"('ER Registration', 'ER Triage', 'ER Sepsis Triage', 'CRP', 'LacticAcid', 'Leucocytes', 'IV Liquid', 'IV Antibiotics', 'Admission NC', 'Leucocytes', 'CRP', 'Leucocytes', 'Leucocytes', 'Release A', 'Return ER')",1,0.09523809523809523
P144,"('ER Registration', 'ER Triage', 'ER Sepsis Triage', 'CRP', 'LacticAcid', 'Leucocytes', 'IV Liquid', 'IV Antibiotics', 'Admission NC', 'Leucocytes', 'CRP', 'Release A')",1,0.09523809523809523
P145,"('ER Registration', 'ER Triage', 'ER Sepsis Triage', 'CRP', 'LacticAcid', 'Leucocytes', 'IV Liquid', 'IV Antibiotics', 'Admission NC', 'Leucocytes', 'CRP', 'Release B')",1,0.09523809523809523
P146,"('ER Registration', 'ER Triage', 'ER Sepsis Triage', 'CRP', 'LacticAcid', 'Leucocytes', 'IV Liquid', 'IV Antibiotics', 'Admission NC', 'Leucocytes', 'Leucocytes', 'CRP', 'Release A', 'Return ER')",1,0.09523809523809523
P147,"('ER Registration', 'ER Triage', 'ER Sepsis Triage', 'CRP', 'LacticAcid', 'Leucocytes', 'IV Liquid', 'IV Antibiotics', 'Admission NC', 'Release C')",1,0.09523809523809523
P148,"('ER Registration', 'ER Triage', 'ER Sepsis Triage', 'CRP', 'LacticAcid', 'Leucocytes', 'IV Liquid', 'IV Antibiotics', 'Leucocytes', 'CRP', 'LacticAcid', 'Admission IC', 'Leucocytes', 'LacticAcid', 'Leucocytes', 'LacticAcid', 'Leucocytes', 'CRP', 'LacticAcid', 'CRP', 'Leucocytes', 'Release B')",1,0.09523809523809523
P149,"('ER Registration', 'ER Triage', 'ER Sepsis Triage', 'CRP', 'Leucocytes', 'Admission IC', 'CRP', 'Leucocytes', 'LacticAcid', 'Leucocytes', 'LacticAcid', 'CRP', 'LacticAcid', 'CRP', 'Leucocytes', 'Leucocytes', 'CRP', 'LacticAcid', 'CRP', 'Leucocytes', 'LacticAcid', 'Leucocytes', 'CRP', 'LacticAcid', 'Leucocytes', 'CRP', 'LacticAcid', 'Leucocytes', 'CRP', 'LacticAcid', 'LacticAcid', 'CRP', 'Leucocytes', 'Admission NC', 'Leucocytes', 'CRP', 'LacticAcid', 'Leucocytes', 'Leucocytes', 'CRP', 'LacticAcid', 'CRP', 'Leucocytes', 'CRP', 'Admission NC', 'CRP', 'Leucocytes', 'CRP', 'Leucocytes', 'CRP', 'Leucocytes', 'Leucocytes', 'CRP', 'Leucocytes', 'CRP', 'CRP', 'Leucocytes', 'Leucocytes', 'CRP', 'Release A', 'Return ER')",1,0.09523809523809523
P150,"('ER Registration', 'ER Triage', 'ER Sepsis Triage', 'CRP', 'Leucocytes', 'Admission NC', 'CRP', 'Leucocytes', 'Admission NC', 'Leucocytes', 'CRP', 'CRP', 'Release A', 'Return ER')",1,0.09523809523809523
P151,"('ER Registration', 'ER Triage', 'ER Sepsis Triage', 'CRP', 'Leucocytes', 'Admission NC', 'CRP', 'Leucocytes', 'CRP', 'Leucocytes', 'Leucocytes', 'Leucocytes', 'Leucocytes', 'Leucocytes', 'Leucocytes', 'Leucocytes', 'Leucocytes', 'Leucocytes', 'CRP', 'Release A')",1,0.09523809523809523
P152,"('ER Registration', 'ER Triage', 'ER Sepsis Triage', 'CRP', 'Leucocytes', 'Admission NC', 'CRP', 'Leucocytes', 'CRP', 'Release A')",1,0.09523809523809523
P153,"('ER Registration', 'ER Triage', 'ER Sepsis Triage', 'CRP', 'Leucocytes', 'Admission NC', 'CRP', 'Leucocytes', 'Leucocytes', 'CRP', 'Release E')",1,0.09523809523809523
P154,"('ER Registration', 'ER Triage', 'ER Sepsis Triage', 'CRP', 'Leucocytes', 'Admission NC', 'CRP', 'Release A', 'Return ER')",1,0.09523809523809523
P155,"('ER Registration', 'ER Triage', 'ER Sepsis Triage', 'CRP', 'Leucocytes', 'Admission NC', 'CRP', 'Release D')",1,0.09523809523809523
P156,"('ER Registration', 'ER Triage', 'ER Sepsis Triage', 'CRP', 'Leucocytes', 'Admission NC', 'Leucocytes', 'CRP', 'Admission NC', 'Leucocytes', 'CRP', 'Release A')",1,0.09523809523809523
P157,"('ER Registration', 'ER Triage', 'ER Sepsis Triage', 'CRP', 'Leucocytes', 'Admission NC', 'Leucocytes', 'CRP', 'CRP', 'Leucocytes', 'CRP', 'Leucocytes', 'Leucocytes', 'CRP', 'CRP', 'Leucocytes', 'Release A')",1,0.09523809523809523
P158,"('ER Registration', 'ER Triage', 'ER Sepsis Triage', 'CRP', 'Leucocytes', 'Admission NC', 'Leucocytes', 'CRP', 'CRP', 'Leucocytes', 'Release A', 'Return ER')",1,0.09523809523809523
P159,"('ER Registration', 'ER Triage', 'ER Sepsis Triage', 'CRP', 'Leucocytes', 'Admission NC', 'Leucocytes', 'CRP', 'Leucocytes', 'Leucocytes', 'CRP', 'CRP', 'Leucocytes', 'Release A', 'CRP', 'Leucocytes')",1,0.09523809523809523
P160,"('ER Registration', 'ER Triage', 'ER Sepsis Triage', 'CRP', 'Leucocytes', 'Admission NC', 'Leucocytes', 'CRP', 'Release A')",1,0.09523809523809523
P161,"('ER Registration', 'ER Triage', 'ER Sepsis Triage', 'CRP', 'Leucocytes', 'Admission NC', 'Leucocytes', 'Leucocytes', 'Admission NC', 'Release A')",1,0.09523809523809523
P162,"('ER Registration', 'ER Triage', 'ER Sepsis Triage', 'CRP', 'Leucocytes', 'IV Antibiotics')",1,0.09523809523809523
P163,"('ER Registration', 'ER Triage', 'ER Sepsis Triage', 'CRP', 'Leucocytes', 'IV Liquid', 'IV Antibiotics')",1,0.09523809523809523
P164,"('ER Registration', 'ER Triage', 'ER Sepsis Triage', 'CRP', 'Leucocytes', 'IV Liquid', 'IV Antibiotics', 'Admission IC', 'Admission NC', 'Leucocytes', 'CRP', 'Leucocytes', 'CRP', 'Leucocytes', 'CRP', 'Release A')",1,0.09523809523809523
P165,"('ER Registration', 'ER Triage', 'ER Sepsis Triage', 'CRP', 'Leucocytes', 'IV Liquid', 'IV Antibiotics', 'Admission IC', 'LacticAcid', 'LacticAcid', 'Leucocytes', 'LacticAcid', 'CRP', 'LacticAcid', 'LacticAcid', 'LacticAcid', 'Leucocytes', 'CRP', 'LacticAcid', 'Leucocytes', 'CRP', 'Admission NC', 'Leucocytes', 'CRP', 'CRP', 'Leucocytes', 'CRP', 'Leucocytes', 'CRP', 'Leucocytes', 'CRP', 'Release A')",1,0.09523809523809523
P166,"('ER Registration', 'ER Triage', 'ER Sepsis Triage', 'CRP', 'Leucocytes', 'IV Liquid', 'IV Antibiotics', 'Admission NC', 'Admission NC', 'CRP', 'CRP', 'Release A', 'Return ER')",1,0.09523809523809523
P167,"('ER Registration', 'ER Triage', 'ER Sepsis Triage', 'CRP', 'Leucocytes', 'IV Liquid', 'IV Antibiotics', 'Admission NC', 'Leucocytes', 'CRP', 'Admission IC', 'CRP', 'LacticAcid', 'Leucocytes', 'CRP', 'LacticAcid', 'Leucocytes', 'Leucocytes', 'CRP', 'LacticAcid', 'Leucocytes', 'LacticAcid', 'CRP', 'LacticAcid', 'CRP', 'Leucocytes', 'CRP', 'Leucocytes', 'LacticAcid', 'LacticAcid', 'Leucocytes', 'CRP', 'LacticAcid', 'CRP', 'Leucocytes', 'Leucocytes', 'CRP', 'LacticAcid', 'Leucocytes', 'CRP', 'LacticAcid', 'CRP', 'Leucocytes', 'LacticAcid', 'LacticAcid', 'Leucocytes', 'CRP', 'Leucocytes', 'LacticAcid', 'CRP', 'Admission NC', 'Release A')",1,0.09523809523809523
P168,"('ER Registration', 'ER Triage', 'ER Sepsis Triage', 'CRP', 'Leucocytes', 'IV Liquid', 'IV Antibiotics', 'Admission NC', 'Leucocytes', 'CRP', 'Admission NC', 'CRP', 'Leucocytes', 'CRP', 'Release A', 'Return ER')",1,0.09523809523809523
P169,"('ER Registration', 'ER Triage', 'ER Sepsis Triage', 'CRP', 'Leucocytes', 'IV Liquid', 'IV Antibiotics', 'LacticAcid')",1,0.09523809523809523
P170,"('ER Registration', 'ER Triage', 'ER Sepsis Triage', 'CRP', 'Leucocytes', 'LacticAcid', 'Admission NC', 'Admission NC', 'CRP', 'Leucocytes', 'Leucocytes', 'CRP', 'Leucocytes', 'CRP', 'Leucocytes', 'CRP', 'CRP', 'Leucocytes', 'Leucocytes', 'CRP', 'Release C')",1,0.09523809523809523
P171,"('ER Registration', 'ER Triage', 'ER Sepsis Triage', 'CRP', 'Leucocytes', 'LacticAcid', 'Admission NC', 'CRP', 'Leucocytes', 'Release A', 'Return ER')",1,0.09523809523809523
P172,"('ER Registration', 'ER Triage', 'ER Sepsis Triage', 'CRP', 'Leucocytes', 'LacticAcid', 'Admission NC', 'IV Liquid', 'IV Antibiotics', 'CRP', 'Release A')",1,0.09523809523809523
P173,"('ER Registration', 'ER Triage', 'ER Sepsis Triage', 'CRP', 'Leucocytes', 'LacticAcid', 'Admission NC', 'Release A', 'Return ER')",1,0.09523809523809523
P174,"('ER Registration', 'ER Triage', 'ER Sepsis Triage', 'CRP', 'Leucocytes', 'LacticAcid', 'Admission NC', 'Release B')",1,0.09523809523809523
P175,"('ER Registration', 'ER Triage', 'ER Sepsis Triage', 'CRP', 'Leucocytes', 'LacticAcid', 'IV Antibiotics')",1,0.09523809523809523
P176,"('ER Registration', 'ER Triage', 'ER Sepsis Triage', 'CRP', 'Leucocytes', 'LacticAcid', 'IV Antibiotics', 'Admission NC')",1,0.09523809523809523
P177,"('ER Registration', 'ER Triage', 'ER Sepsis Triage', 'CRP', 'Leucocytes', 'LacticAcid', 'IV Antibiotics', 'Admission NC', 'Admission NC', 'IV Liquid', 'CRP', 'Leucocytes', 'Leucocytes', 'CRP', 'Leucocytes', 'Release A')",1,0.09523809523809523
P178,"('ER Registration', 'ER Triage', 'ER Sepsis Triage', 'CRP', 'Leucocytes', 'LacticAcid', 'IV Antibiotics', 'Admission NC', 'Admission NC', 'Leucocytes', 'CRP', 'Leucocytes', 'CRP', 'Release A')",1,0.09523809523809523
P179,"('ER Registration', 'ER Triage', 'ER Sepsis Triage', 'CRP', 'Leucocytes', 'LacticAcid', 'IV Antibiotics', 'Admission NC', 'Admission NC', 'Leucocytes', 'CRP', 'Leucocytes', 'CRP', 'Release A', 'Return ER')",1,0.09523809523809523
P180,"('ER Registration', 'ER Triage', 'ER Sepsis Triage', 'CRP', 'Leucocytes', 'LacticAcid', 'IV Antibiotics', 'Admission NC', 'CRP', 'Leucocytes', 'IV Liquid')",1,0.09523809523809523
P181,"('ER Registration', 'ER Triage', 'ER Sepsis Triage', 'CRP', 'Leucocytes', 'LacticAcid', 'IV Antibiotics', 'Admission NC', 'IV Liquid', 'CRP', 'Leucocytes', 'CRP', 'Leucocytes', 'Release A', 'Return ER')",1,0.09523809523809523
P182,"('ER Registration', 'ER Triage', 'ER Sepsis Triage', 'CRP', 'Leucocytes', 'LacticAcid', 'IV Antibiotics', 'Admission NC', 'IV Liquid', 'Leucocytes', 'CRP', 'Release C')",1,0.09523809523809523
P183,"('ER Registration', 'ER Triage', 'ER Sepsis Triage', 'CRP', 'Leucocytes', 'LacticAcid', 'IV Antibiotics', 'Admission NC', 'Leucocytes', 'CRP', 'Leucocytes', 'CRP', 'CRP', 'Leucocytes', 'Leucocytes', 'CRP', 'Leucocytes', 'CRP', 'CRP', 'CRP', 'Release C', 'Return ER')",1,0.09523809523809523
P184,"('ER Registration', 'ER Triage', 'ER Sepsis Triage', 'CRP', 'Leucocytes', 'LacticAcid', 'IV Antibiotics', 'Admission NC', 'Leucocytes', 'CRP', 'Leucocytes', 'CRP', 'Release A')",1,0.09523809523809523
P185,"('ER Registration', 'ER Triage', 'ER Sepsis Triage', 'CRP', 'Leucocytes', 'LacticAcid', 'IV Antibiotics', 'IV Liquid')",1,0.09523809523809523
P186,"('ER Registration', 'ER Triage', 'ER Sepsis Triage', 'CRP', 'Leucocytes', 'LacticAcid', 'IV Antibiotics', 'IV Liquid', 'Admission NC', 'CRP', 'Leucocytes', 'CRP', 'Leucocytes', 'CRP', 'Leucocytes', 'CRP', 'Leucocytes', 'Admission NC', 'Leucocytes', 'CRP', 'Leucocytes', 'Release A')",1,0.09523809523809523
P187,"('ER Registration', 'ER Triage', 'ER Sepsis Triage', 'CRP', 'Leucocytes', 'LacticAcid', 'IV Antibiotics', 'IV Liquid', 'Admission NC', 'LacticAcid', 'CRP', 'Leucocytes', 'Admission IC', 'Leucocytes', 'CRP', 'LacticAcid', 'Admission NC', 'CRP', 'Leucocytes', 'Leucocytes', 'CRP', 'Leucocytes', 'CRP', 'Leucocytes', 'CRP', 'Leucocytes', 'CRP', 'Leucocytes', 'CRP', 'Leucocytes', 'CRP', 'Leucocytes', 'CRP', 'Leucocytes', 'CRP', 'CRP', 'Leucocytes', 'Leucocytes', 'CRP', 'CRP', 'Leucocytes', 'Leucocytes', 'CRP', 'CRP', 'Leucocytes', 'CRP', 'Leucocytes', 'Admission NC', 'Leucocytes', 'CRP', 'Release A', 'Return ER')",1,0.09523809523809523
P188,"('ER Registration', 'ER Triage', 'ER Sepsis Triage', 'CRP', 'Leucocytes', 'LacticAcid', 'IV Antibiotics', 'IV Liquid', 'Admission NC', 'Leucocytes', 'CRP')",1,0.09523809523809523
P189,"('ER Registration', 'ER Triage', 'ER Sepsis Triage', 'CRP', 'Leucocytes', 'LacticAcid', 'IV Antibiotics', 'IV Liquid', 'Admission NC', 'Leucocytes', 'CRP', 'Admission NC', 'CRP', 'Leucocytes', 'Release A', 'Return ER')",1,0.09523809523809523
P190,"('ER Registration', 'ER Triage', 'ER Sepsis Triage', 'CRP', 'Leucocytes', 'LacticAcid', 'IV Antibiotics', 'IV Liquid', 'Admission NC', 'Leucocytes', 'CRP', 'Admission NC', 'Leucocytes', 'CRP', 'Release A', 'Return ER')",1,0.09523809523809523
P191,"('ER Registration', 'ER Triage', 'ER Sepsis Triage', 'CRP', 'Leucocytes', 'LacticAcid', 'IV Antibiotics', 'IV Liquid', 'Admission NC', 'Leucocytes', 'CRP', 'Release A', 'Return ER')",1,0.09523809523809523
P192,"('ER Registration', 'ER Triage', 'ER Sepsis Triage', 'CRP', 'Leucocytes', 'LacticAcid', 'IV Antibiotics', 'IV Liquid', 'Admission NC', 'Leucocytes', 'CRP', 'Release B')",1,0.09523809523809523
P193,"('ER Registration', 'ER Triage', 'ER Sepsis Triage', 'CRP', 'Leucocytes', 'LacticAcid', 'IV Liquid', 'IV Antibiotics', 'Admission IC', 'CRP', 'LacticAcid', 'Leucocytes', 'LacticAcid', 'LacticAcid', 'CRP', 'Leucocytes', 'Admission NC', 'CRP', 'Leucocytes', 'CRP', 'Release A', 'Return ER')",1,0.09523809523809523
P194,"('ER Registration', 'ER Triage', 'ER Sepsis Triage', 'CRP', 'Leucocytes', 'LacticAcid', 'IV Liquid', 'IV Antibiotics', 'Admission IC', 'CRP', 'Leucocytes', 'LacticAcid', 'Admission NC', 'Admission NC', 'Leucocytes', 'CRP', 'Release D')",1,0.09523809523809523
P195,"('ER Registration', 'ER Triage', 'ER Sepsis Triage', 'CRP', 'Leucocytes', 'LacticAcid', 'IV Liquid', 'IV Antibiotics', 'Admission IC', 'LacticAcid', 'LacticAcid', 'CRP', 'Leucocytes', 'Admission NC', 'Leucocytes', 'CRP', 'Leucocytes', 'CRP', 'Leucocytes', 'CRP', 'Leucocytes', 'Release A', 'Return ER')",1,0.09523809523809523
P196,"('ER Registration', 'ER Triage', 'ER Sepsis Triage', 'CRP', 'Leucocytes', 'LacticAcid', 'IV Liquid', 'IV Antibiotics', 'Admission IC', 'LacticAcid', 'Leucocytes', 'LacticAcid', 'CRP', 'LacticAcid', 'CRP', 'LacticAcid', 'Leucocytes', 'LacticAcid', 'Leucocytes', 'CRP', 'Admission NC', 'Leucocytes', 'CRP', 'Admission NC', 'CRP', 'Leucocytes', 'CRP', 'CRP', 'Release A')",1,0.09523809523809523
P197,"('ER Registration', 'ER Triage', 'ER Sepsis Triage', 'CRP', 'Leucocytes', 'LacticAcid', 'IV Liquid', 'IV Antibiotics', 'Admission NC')",1,0.09523809523809523
P198,"('ER Registration', 'ER Triage', 'ER Sepsis Triage', 'CRP', 'Leucocytes', 'LacticAcid', 'IV Liquid', 'IV Antibiotics', 'Admission NC', 'Admission NC', 'Admission IC', 'CRP', 'Leucocytes', 'LacticAcid', 'LacticAcid', 'LacticAcid', 'Leucocytes', 'CRP', 'CRP', 'LacticAcid', 'Leucocytes', 'CRP', 'Leucocytes', 'LacticAcid', 'LacticAcid', 'CRP', 'Leucocytes', 'CRP', 'Leucocytes', 'LacticAcid', 'Leucocytes', 'LacticAcid', 'CRP', 'CRP', 'Leucocytes', 'LacticAcid', 'LacticAcid', 'Leucocytes', 'CRP', 'Release E', 'Return ER')",1,0.09523809523809523
P199,"('ER Registration', 'ER Triage', 'ER Sepsis Triage', 'CRP', 'Leucocytes', 'LacticAcid', 'IV Liquid', 'IV Antibiotics', 'Admission NC', 'Admission NC', 'Release A')",1,0.09523809523809523
P200,"('ER Registration', 'ER Triage', 'ER Sepsis Triage', 'CRP', 'Leucocytes', 'LacticAcid', 'IV Liquid', 'IV Antibiotics', 'Admission NC', 'CRP', 'CRP', 'Leucocytes', 'CRP', 'Leucocytes', 'Leucocytes', 'CRP', 'Leucocytes', 'CRP', 'CRP', 'Leucocytes', 'CRP', 'Leucocytes', 'Release A')",1,0.09523809523809523
P201,"('ER Registration', 'ER Triage', 'ER Sepsis Triage', 'CRP', 'Leucocytes', 'LacticAcid', 'IV Liquid', 'IV Antibiotics', 'Admission NC', 'CRP', 'CRP', 'Release A')",1,0.09523809523809523
P202,"('ER Registration', 'ER Triage', 'ER Sepsis Triage', 'CRP', 'Leucocytes', 'LacticAcid', 'IV Liquid', 'IV Antibiotics', 'Admission NC', 'CRP', 'Leucocytes', 'Admission NC', 'CRP', 'Leucocytes', 'Release A')",1,0.09523809523809523
P203,"('ER Registration', 'ER Triage', 'ER Sepsis Triage', 'CRP', 'Leucocytes', 'LacticAcid', 'IV Liquid', 'IV Antibiotics', 'Admission NC', 'CRP', 'Leucocytes', 'CRP', 'Leucocytes', 'CRP', 'CRP', 'Leucocytes', 'Release D', 'Return ER')",1,0.09523809523809523
P204,"('ER Registration', 'ER Triage', 'ER Sepsis Triage', 'CRP', 'Leucocytes', 'LacticAcid', 'IV Liquid', 'IV Antibiotics', 'Admission NC', 'CRP', 'Leucocytes', 'CRP', 'Leucocytes', 'CRP', 'Leucocytes', 'Release A')",1,0.09523809523809523
P205,"('ER Registration', 'ER Triage', 'ER Sepsis Triage', 'CRP', 'Leucocytes', 'LacticAcid', 'IV Liquid', 'IV Antibiotics', 'Admission NC', 'CRP', 'Leucocytes', 'LacticAcid', 'Leucocytes', 'CRP', 'Leucocytes', 'CRP', 'Leucocytes', 'CRP', 'CRP', 'Leucocytes', 'CRP', 'Leucocytes', 'Release C', 'Return ER')",1,0.09523809523809523
P206,"('ER Registration', 'ER Triage', 'ER Sepsis Triage', 'CRP', 'Leucocytes', 'LacticAcid', 'IV Liquid', 'IV Antibiotics', 'Admission NC', 'CRP', 'Leucocytes', 'Leucocytes', 'CRP', 'Admission NC', 'Admission NC', 'Leucocytes', 'CRP', 'Leucocytes', 'CRP', 'Leucocytes', 'Leucocytes', 'CRP', 'CRP', 'Leucocytes', 'Leucocytes', 'CRP', 'Leucocytes', 'Leucocytes', 'CRP', 'Release B')",1,0.09523809523809523
P207,"('ER Registration', 'ER Triage', 'ER Sepsis Triage', 'CRP', 'Leucocytes', 'LacticAcid', 'IV Liquid', 'IV Antibiotics', 'Admission NC', 'CRP', 'Leucocytes', 'Release A')",1,0.09523809523809523
P208,"('ER Registration', 'ER Triage', 'ER Sepsis Triage', 'CRP', 'Leucocytes', 'LacticAcid', 'IV Liquid', 'IV Antibiotics', 'Admission NC', 'CRP', 'Leucocytes', 'Release D')",1,0.09523809523809523
P209,"('ER Registration', 'ER Triage', 'ER Sepsis Triage', 'CRP', 'Leucocytes', 'LacticAcid', 'IV Liquid', 'IV Antibiotics', 'Admission NC', 'CRP', 'Release A')",1,0.09523809523809523
P210,"('ER Registration', 'ER Triage', 'ER Sepsis Triage', 'CRP', 'Leucocytes', 'LacticAcid', 'IV Liquid', 'IV Antibiotics', 'Admission NC', 'LacticAcid', 'Admission NC', 'Leucocytes', 'CRP', 'Release A', 'Return ER')",1,0.09523809523809523
P211,"('ER Registration', 'ER Triage', 'ER Sepsis Triage', 'CRP', 'Leucocytes', 'LacticAcid', 'IV Liquid', 'IV Antibiotics', 'Admission NC', 'LacticAcid', 'CRP', 'Leucocytes', 'Leucocytes', 'CRP', 'Leucocytes', 'Leucocytes', 'Leucocytes', 'Leucocytes', 'Leucocytes', 'Admission NC', 'Release A', 'Return ER')",1,0.09523809523809523
P212,"('ER Registration', 'ER Triage', 'ER Sepsis Triage', 'CRP', 'Leucocytes', 'LacticAcid', 'IV Liquid', 'IV Antibiotics', 'Admission NC', 'Leucocytes', 'CRP', 'Admission NC', 'CRP', 'Leucocytes', 'Release A')",1,0.09523809523809523
P213,"('ER Registration', 'ER Triage', 'ER Sepsis Triage', 'CRP', 'Leucocytes', 'LacticAcid', 'IV Liquid', 'IV Antibiotics', 'Admission NC', 'Leucocytes', 'CRP', 'CRP', 'Leucocytes', 'Release A')",1,0.09523809523809523
P214,"('ER Registration', 'ER Triage', 'ER Sepsis Triage', 'CRP', 'Leucocytes', 'LacticAcid', 'IV Liquid', 'IV Antibiotics', 'Admission NC', 'Leucocytes', 'CRP', 'Leucocytes', 'Release D')",1,0.09523809523809523
P215,"('ER Registration', 'ER Triage', 'ER Sepsis Triage', 'CRP', 'Leucocytes', 'LacticAcid', 'IV Liquid', 'IV Antibiotics', 'Admission NC', 'Leucocytes', 'CRP', 'Release A', 'Return ER')",1,0.09523809523809523
P216,"('ER Registration', 'ER Triage', 'ER Sepsis Triage', 'CRP', 'Leucocytes', 'LacticAcid', 'IV Liquid', 'IV Antibiotics', 'Admission NC', 'Leucocytes', 'LacticAcid', 'CRP', 'Admission NC', 'CRP', 'Leucocytes', 'Leucocytes', 'CRP', 'Release A', 'Return ER')",1,0.09523809523809523
P217,"('ER Registration', 'ER Triage', 'ER Sepsis Triage', 'CRP', 'Leucocytes', 'LacticAcid', 'IV Liquid', 'IV Antibiotics', 'CRP', 'Leucocytes', 'LacticAcid')",1,0.09523809523809523
P218,"('ER Registration', 'ER Triage', 'ER Sepsis Triage', 'CRP', 'Leucocytes', 'LacticAcid', 'IV Liquid', 'IV Antibiotics', 'ER Triage')",1,0.09523809523809523
P219,"('ER Registration', 'ER Triage', 'ER Sepsis Triage', 'IV Antibiotics', 'CRP', 'LacticAcid', 'Leucocytes', 'Admission NC', 'Leucocytes', 'CRP', 'Release A', 'Return ER')",1,0.09523809523809523
P220,"('ER Registration', 'ER Triage', 'ER Sepsis Triage', 'IV Antibiotics', 'CRP', 'LacticAcid', 'Leucocytes', 'IV Liquid')",1,0.09523809523809523
P221,"('ER Registration', 'ER Triage', 'ER Sepsis Triage', 'IV Antibiotics', 'CRP', 'LacticAcid', 'Leucocytes', 'IV Liquid', 'Admission NC', 'CRP', 'Leucocytes', 'Admission NC', 'CRP', 'Leucocytes', 'Release A')",1,0.09523809523809523
P222,"('ER Registration', 'ER Triage', 'ER Sepsis Triage', 'IV Antibiotics', 'CRP', 'Leucocytes', 'Admission NC', 'Leucocytes', 'CRP', 'IV Liquid', 'CRP', 'Leucocytes', 'Release A')",1,0.09523809523809523
P223,"('ER Registration', 'ER Triage', 'ER Sepsis Triage', 'IV Antibiotics', 'CRP', 'Leucocytes', 'LacticAcid', 'Admission NC', 'Admission NC', 'CRP', 'Leucocytes', 'CRP', 'Leucocytes', 'Release A')",1,0.09523809523809523
P224,"('ER Registration', 'ER Triage', 'ER Sepsis Triage', 'IV Antibiotics', 'CRP', 'Leucocytes', 'LacticAcid', 'Admission NC', 'Release A', 'Return ER')",1,0.09523809523809523
P225,"('ER Registration', 'ER Triage', 'ER Sepsis Triage', 'IV Antibiotics', 'IV Liquid', 'LacticAcid', 'CRP', 'Leucocytes', 'Admission NC', 'Admission NC', 'Leucocytes', 'CRP', 'Leucocytes', 'CRP', 'Release A')",1,0.09523809523809523
P226,"('ER Registration', 'ER Triage', 'ER Sepsis Triage', 'IV Antibiotics', 'IV Liquid', 'Leucocytes', 'CRP', 'LacticAcid', 'Admission NC', 'Admission NC', 'Leucocytes', 'CRP', 'CRP', 'Leucocytes', 'Leucocytes', 'Leucocytes', 'Leucocytes', 'Leucocytes', 'CRP', 'LacticAcid', 'Leucocytes', 'CRP', 'Leucocytes', 'Release C')",1,0.09523809523809523
P227,"('ER Registration', 'ER Triage', 'ER Sepsis Triage', 'IV Antibiotics', 'IV Liquid', 'Leucocytes', 'CRP', 'LacticAcid', 'Admission NC', 'CRP', 'Leucocytes', 'Admission NC', 'CRP', 'Leucocytes', 'Release A', 'Return ER')",1,0.09523809523809523
P228,"('ER Registration', 'ER Triage', 'ER Sepsis Triage', 'IV Antibiotics', 'IV Liquid', 'Leucocytes', 'CRP', 'LacticAcid', 'Admission NC', 'Leucocytes', 'CRP', 'Release A')",1,0.09523809523809523
P229,"('ER Registration', 'ER Triage', 'ER Sepsis Triage', 'IV Antibiotics', 'LacticAcid', 'Leucocytes', 'CRP', 'Admission NC', 'Release B')",1,0.09523809523809523
P230,"('ER Registration', 'ER Triage', 'ER Sepsis Triage', 'IV Antibiotics', 'Leucocytes', 'CRP', 'LacticAcid', 'Admission NC', 'Leucocytes', 'CRP', 'Release A')",1,0.09523809523809523
P231,"('ER Registration', 'ER Triage', 'ER Sepsis Triage', 'IV Antibiotics', 'Leucocytes', 'CRP', 'LacticAcid', 'Admission NC', 'Release A')",1,0.09523809523809523
P232,"('ER Registration', 'ER Triage', 'ER Sepsis Triage', 'IV Antibiotics', 'Leucocytes', 'CRP', 'LacticAcid', 'IV Liquid', 'Admission NC', 'CRP', 'Leucocytes', 'CRP', 'Release A')",1,0.09523809523809523
P233,"('ER Registration', 'ER Triage', 'ER Sepsis Triage', 'IV Antibiotics', 'Leucocytes', 'LacticAcid', 'CRP', 'Admission NC', 'CRP', 'CRP', 'Leucocytes', 'Release A')",1,0.09523809523809523
P234,"('ER Registration', 'ER Triage', 'ER Sepsis Triage', 'IV Antibiotics', 'Leucocytes', 'LacticAcid', 'CRP', 'IV Liquid', 'Admission NC', 'Leucocytes', 'CRP', 'Admission NC', 'Release C')",1,0.09523809523809523
P235,"('ER Registration', 'ER Triage', 'ER Sepsis Triage', 'IV Liquid', 'CRP', 'LacticAcid', 'Leucocytes', 'IV Antibiotics')",1,0.09523809523809523
P236,"('ER Registration', 'ER Triage', 'ER Sepsis Triage', 'IV Liquid', 'CRP', 'LacticAcid', 'Leucocytes', 'IV Antibiotics', 'Admission IC', 'CRP', 'Leucocytes', 'LacticAcid', 'CRP', 'LacticAcid', 'Leucocytes', 'Admission IC', 'Leucocytes', 'CRP', 'LacticAcid', 'Leucocytes', 'Leucocytes', 'CRP', 'LacticAcid', 'Admission NC', 'Release A')",1,0.09523809523809523
P237,"('ER Registration', 'ER Triage', 'ER Sepsis Triage', 'IV Liquid', 'CRP', 'LacticAcid', 'Leucocytes', 'IV Antibiotics', 'Admission NC')",1,0.09523809523809523
P238,"('ER Registration', 'ER Triage', 'ER Sepsis Triage', 'IV Liquid', 'CRP', 'LacticAcid', 'Leucocytes', 'IV Antibiotics', 'Admission NC', 'CRP', 'CRP', 'CRP', 'Release C')",1,0.09523809523809523
P239,"('ER Registration', 'ER Triage', 'ER Sepsis Triage', 'IV Liquid', 'CRP', 'LacticAcid', 'Leucocytes', 'IV Antibiotics', 'Admission NC', 'CRP', 'Leucocytes', 'CRP', 'CRP', 'Admission IC', 'Leucocytes', 'CRP', 'LacticAcid', 'Leucocytes', 'LacticAcid', 'Leucocytes', 'CRP', 'Leucocytes', 'LacticAcid', 'Leucocytes', 'Leucocytes', 'Leucocytes', 'Leucocytes', 'Leucocytes', 'Leucocytes', 'Release B')",1,0.09523809523809523
P240,"('ER Registration', 'ER Triage', 'ER Sepsis Triage', 'IV Liquid', 'CRP', 'LacticAcid', 'Leucocytes', 'IV Antibiotics', 'Admission NC', 'CRP', 'Leucocytes', 'CRP', 'Release A')",1,0.09523809523809523
P241,"('ER Registration', 'ER Triage', 'ER Sepsis Triage', 'IV Liquid', 'CRP', 'LacticAcid', 'Leucocytes', 'IV Antibiotics', 'Admission NC', 'CRP', 'Leucocytes', 'CRP', 'Release A', 'Return ER')",1,0.09523809523809523
P242,"('ER Registration', 'ER Triage', 'ER Sepsis Triage', 'IV Liquid', 'CRP', 'LacticAcid', 'Leucocytes', 'IV Antibiotics', 'Admission NC', 'CRP', 'Leucocytes', 'Leucocytes', 'CRP', 'Leucocytes', 'Release A', 'Return ER')",1,0.09523809523809523
P243,"('ER Registration', 'ER Triage', 'ER Sepsis Triage', 'IV Liquid', 'CRP', 'LacticAcid', 'Leucocytes', 'IV Antibiotics', 'Admission NC', 'CRP', 'Leucocytes', 'Release A')",1,0.09523809523809523
P244,"('ER Registration', 'ER Triage', 'ER Sepsis Triage', 'IV Liquid', 'CRP', 'LacticAcid', 'Leucocytes', 'IV Antibiotics', 'Admission NC', 'ER Triage', 'Leucocytes', 'CRP', 'CRP', 'Leucocytes', 'Release A', 'Return ER')",1,0.09523809523809523
P245,"('ER Registration', 'ER Triage', 'ER Sepsis Triage', 'IV Liquid', 'CRP', 'LacticAcid', 'Leucocytes', 'IV Antibiotics', 'Admission NC', 'Leucocytes', 'CRP', 'Admission NC', 'CRP', 'Leucocytes', 'Release A', 'Return ER')",1,0.09523809523809523
P246,"('ER Registration', 'ER Triage', 'ER Sepsis Triage', 'IV Liquid', 'CRP', 'LacticAcid', 'Leucocytes', 'IV Antibiotics', 'Admission NC', 'Leucocytes', 'CRP', 'Leucocytes', 'CRP', 'Release A')",1,0.09523809523809523
P247,"('ER Registration', 'ER Triage', 'ER Sepsis Triage', 'IV Liquid', 'CRP', 'LacticAcid', 'Leucocytes', 'IV Antibiotics', 'Admission NC', 'Release A')",1,0.09523809523809523
P248,"('ER Registration', 'ER Triage', 'ER Sepsis Triage', 'IV Liquid', 'CRP', 'Leucocytes', 'LacticAcid', 'IV Antibiotics', 'Admission NC', 'Admission NC', 'Leucocytes', 'CRP', 'CRP', 'Leucocytes', 'Release A')",1,0.09523809523809523
P249,"('ER Registration', 'ER Triage', 'ER Sepsis Triage', 'IV Liquid', 'CRP', 'Leucocytes', 'LacticAcid', 'IV Antibiotics', 'Admission NC', 'CRP', 'Leucocytes')",1,0.09523809523809523
P250,"('ER Registration', 'ER Triage', 'ER Sepsis Triage', 'IV Liquid', 'CRP', 'Leucocytes', 'LacticAcid', 'IV Antibiotics', 'Admission NC', 'CRP', 'Leucocytes', 'CRP', 'Leucocytes', 'Release A')",1,0.09523809523809523
P251,"('ER Registration', 'ER Triage', 'ER Sepsis Triage', 'IV Liquid', 'CRP', 'Leucocytes', 'LacticAcid', 'IV Antibiotics', 'Admission NC', 'CRP', 'Leucocytes', 'Leucocytes', 'CRP', 'Admission NC', 'Admission NC', 'Admission NC', 'CRP', 'Leucocytes', 'Admission NC', 'Leucocytes', 'Leucocytes', 'CRP', 'CRP', 'Leucocytes', 'Leucocytes', 'CRP', 'Leucocytes', 'CRP', 'Release B')",1,0.09523809523809523
P252,"('ER Registration', 'ER Triage', 'ER Sepsis Triage', 'IV Liquid', 'CRP', 'Leucocytes', 'LacticAcid', 'IV Antibiotics', 'Admission NC', 'CRP', 'Leucocytes', 'Leucocytes', 'Leucocytes', 'CRP', 'LacticAcid', 'LacticAcid', 'Leucocytes', 'CRP', 'CRP', 'Leucocytes', 'Release A', 'Return ER')",1,0.09523809523809523
P253,"('ER Registration', 'ER Triage', 'ER Sepsis Triage', 'IV Liquid', 'CRP', 'Leucocytes', 'LacticAcid', 'IV Antibiotics', 'Admission NC', 'LacticAcid', 'CRP', 'Leucocytes', 'CRP', 'Leucocytes', 'LacticAcid', 'CRP', 'Leucocytes', 'LacticAcid', 'Leucocytes', 'CRP', 'Release A', 'Return ER')",1,0.09523809523809523
P254,"('ER Registration', 'ER Triage', 'ER Sepsis Triage', 'IV Liquid', 'CRP', 'Leucocytes', 'LacticAcid', 'IV Antibiotics', 'Admission NC', 'Leucocytes', 'Admission NC', 'CRP', 'LacticAcid', 'Leucocytes', 'LacticAcid', 'CRP', 'Leucocytes', 'LacticAcid', 'Admission IC', 'CRP', 'LacticAcid', 'Leucocytes', 'CRP', 'Leucocytes', 'LacticAcid', 'LacticAcid', 'Leucocytes', 'CRP', 'CRP', 'LacticAcid', 'Leucocytes', 'CRP', 'Leucocytes', 'LacticAcid', 'Leucocytes', 'CRP', 'LacticAcid', 'LacticAcid', 'CRP', 'Leucocytes', 'LacticAcid', 'Leucocytes', 'CRP', 'LacticAcid', 'Leucocytes', 'LacticAcid', 'CRP', 'Leucocytes', 'LacticAcid', 'CRP', 'Leucocytes', 'LacticAcid', 'LacticAcid', 'Leucocytes', 'CRP', 'Leucocytes', 'LacticAcid', 'CRP', 'CRP', 'LacticAcid', 'Leucocytes', 'CRP', 'Leucocytes', 'LacticAcid', 'CRP', 'Leucocytes', 'LacticAcid', 'Leucocytes', 'LacticAcid', 'CRP', 'CRP', 'Leucocytes', 'LacticAcid', 'CRP', 'Leucocytes', 'LacticAcid', 'LacticAcid', 'Leucocytes', 'CRP', 'Leucocytes', 'CRP', 'LacticAcid', 'Leucocytes', 'LacticAcid', 'CRP', 'CRP', 'LacticAcid', 'Leucocytes', 'Leucocytes', 'CRP', 'LacticAcid', 'Leucocytes', 'CRP', 'LacticAcid', 'Leucocytes', 'LacticAcid', 'CRP', 'Admission NC', 'Leucocytes', 'CRP', 'Leucocytes', 'CRP', 'CRP', 'Leucocytes', 'Leucocytes', 'CRP', 'Leucocytes', 'CRP', 'CRP', 'Leucocytes', 'Leucocytes', 'CRP', 'CRP', 'Leucocytes', 'Leucocytes', 'CRP', 'CRP', 'Leucocytes', 'CRP', 'Leucocytes', 'Leucocytes', 'CRP', 'Leucocytes', 'CRP', 'Leucocytes', 'Leucocytes', 'CRP', 'Admission NC', 'CRP', 'Leucocytes', 'Leucocytes', 'CRP', 'Leucocytes', 'CRP', 'Leucocytes', 'CRP', 'CRP', 'Leucocytes', 'CRP', 'Leucocytes', 'CRP', 'Leucocytes', 'Leucocytes', 'CRP', 'CRP', 'Leucocytes', 'Leucocytes', 'CRP', 'CRP', 'Leucocytes', 'Leucocytes', 'CRP', 'Leucocytes', 'CRP', 'CRP', 'Leucocytes', 'Leucocytes', 'Leucocytes', 'CRP', 'Leucocytes', 'CRP', 'Leucocytes', 'CRP', 'CRP', 'Leucocytes', 'CRP', 'Leucocytes', 'Leucocytes', 'CRP', 'Leucocytes', 'CRP', 'CRP', 'Leucocytes', 'Leucocytes', 'CRP', 'Leucocytes', 'CRP', 'CRP', 'Leucocytes', 'Leucocytes', 'CRP', 'Leucocytes', 'CRP', 'Leucocytes', 'Release C')",1,0.09523809523809523
P255,"('ER Registration', 'ER Triage', 'ER Sepsis Triage', 'IV Liquid', 'CRP', 'Leucocytes', 'LacticAcid', 'IV Antibiotics', 'Admission NC', 'Leucocytes', 'CRP', 'Admission NC', 'Leucocytes', 'CRP', 'CRP', 'Leucocytes', 'CRP', 'Leucocytes', 'Release C')",1,0.09523809523809523
P256,"('ER Registration', 'ER Triage', 'ER Sepsis Triage', 'IV Liquid', 'CRP', 'Leucocytes', 'LacticAcid', 'IV Antibiotics', 'Admission NC', 'Leucocytes', 'CRP', 'CRP', 'Leucocytes', 'Leucocytes', 'CRP', 'CRP', 'Leucocytes', 'Leucocytes', 'CRP', 'Release D')",1,0.09523809523809523
P257,"('ER Registration', 'ER Triage', 'ER Sepsis Triage', 'IV Liquid', 'CRP', 'Leucocytes', 'LacticAcid', 'IV Antibiotics', 'Admission NC', 'Leucocytes', 'CRP', 'CRP', 'Leucocytes', 'Leucocytes', 'CRP', 'Release A', 'Return ER', 'CRP', 'Leucocytes')",1,0.09523809523809523
P258,"('ER Registration', 'ER Triage', 'ER Sepsis Triage', 'IV Liquid', 'CRP', 'Leucocytes', 'LacticAcid', 'IV Antibiotics', 'Admission NC', 'Leucocytes', 'CRP', 'Leucocytes', 'CRP', 'Release A')",1,0.09523809523809523
P259,"('ER Registration', 'ER Triage', 'ER Sepsis Triage', 'IV Liquid', 'CRP', 'Leucocytes', 'LacticAcid', 'IV Antibiotics', 'Admission NC', 'Leucocytes', 'CRP', 'Release A', 'Return ER')",1,0.09523809523809523
P260,"('ER Registration', 'ER Triage', 'ER Sepsis Triage', 'IV Liquid', 'CRP', 'Leucocytes', 'LacticAcid', 'IV Antibiotics', 'Admission NC', 'Release A')",1,0.09523809523809523
P261,"('ER Registration', 'ER Triage', 'ER Sepsis Triage', 'IV Liquid', 'CRP', 'Leucocytes', 'LacticAcid', 'IV Antibiotics', 'Admission NC', 'Release A', 'Return ER')",1,0.09523809523809523
P262,"('ER Registration', 'ER Triage', 'ER Sepsis Triage', 'IV Liquid', 'CRP', 'Leucocytes', 'LacticAcid', 'IV Antibiotics', 'LacticAcid')",1,0.09523809523809523
P263,"('ER Registration', 'ER Triage', 'ER Sepsis Triage', 'IV Liquid', 'IV Antibiotics', 'Admission IC', 'CRP', 'Leucocytes', 'LacticAcid', 'CRP', 'Leucocytes', 'LacticAcid', 'CRP', 'LacticAcid', 'Leucocytes', 'Leucocytes', 'CRP', 'LacticAcid', 'Leucocytes', 'CRP', 'LacticAcid', 'Admission NC', 'Leucocytes', 'CRP', 'Release A', 'Return ER')",1,0.09523809523809523
P264,"('ER Registration', 'ER Triage', 'ER Sepsis Triage', 'IV Liquid', 'IV Antibiotics', 'CRP', 'LacticAcid', 'Leucocytes', 'Admission IC', 'Leucocytes', 'CRP', 'LacticAcid', 'LacticAcid', 'CRP', 'Leucocytes', 'Admission NC', 'CRP', 'CRP', 'Leucocytes', 'Release A')",1,0.09523809523809523
P265,"('ER Registration', 'ER Triage', 'ER Sepsis Triage', 'IV Liquid', 'IV Antibiotics', 'CRP', 'LacticAcid', 'Leucocytes', 'Admission IC', 'Leucocytes', 'CRP', 'LacticAcid', 'LacticAcid', 'CRP', 'Leucocytes', 'LacticAcid', 'Leucocytes', 'CRP', 'Admission NC', 'Release A', 'Return ER')",1,0.09523809523809523
P266,"('ER Registration', 'ER Triage', 'ER Sepsis Triage', 'IV Liquid', 'IV Antibiotics', 'CRP', 'LacticAcid', 'Leucocytes', 'Admission NC', 'CRP', 'Leucocytes', 'Release A')",1,0.09523809523809523
P267,"('ER Registration', 'ER Triage', 'ER Sepsis Triage', 'IV Liquid', 'IV Antibiotics', 'CRP', 'LacticAcid', 'Leucocytes', 'Admission NC', 'Leucocytes', 'CRP', 'CRP', 'Leucocytes', 'Release A')",1,0.09523809523809523
P268,"('ER Registration', 'ER Triage', 'ER Sepsis Triage', 'IV Liquid', 'IV Antibiotics', 'CRP', 'LacticAcid', 'Leucocytes', 'Admission NC', 'Leucocytes', 'CRP', 'Leucocytes', 'CRP', 'CRP', 'Leucocytes', 'Release A')",1,0.09523809523809523
P269,"('ER Registration', 'ER Triage', 'ER Sepsis Triage', 'IV Liquid', 'IV Antibiotics', 'CRP', 'LacticAcid', 'Leucocytes', 'Admission NC', 'Leucocytes', 'CRP', 'Leucocytes', 'Leucocytes', 'CRP', 'CRP', 'Leucocytes', 'Admission NC', 'Release C')",1,0.09523809523809523
P270,"('ER Registration', 'ER Triage', 'ER Sepsis Triage', 'IV Liquid', 'IV Antibiotics', 'CRP', 'LacticAcid', 'Leucocytes', 'Admission NC', 'Leucocytes', 'CRP', 'Release B')",1,0.09523809523809523
P271,"('ER Registration', 'ER Triage', 'ER Sepsis Triage', 'IV Liquid', 'IV Antibiotics', 'CRP', 'LacticAcid', 'Leucocytes', 'Admission NC', 'Leucocytes', 'Release A')",1,0.09523809523809523
P272,"('ER Registration', 'ER Triage', 'ER Sepsis Triage', 'IV Liquid', 'IV Antibiotics', 'CRP', 'LacticAcid', 'Leucocytes', 'Admission NC', 'Release B')",1,0.09523809523809523
P273,"('ER Registration', 'ER Triage', 'ER Sepsis Triage', 'IV Liquid', 'IV Antibiotics', 'CRP', 'Leucocytes', 'LacticAcid', 'Admission IC', 'CRP', 'LacticAcid', 'Leucocytes', 'LacticAcid', 'CRP', 'Leucocytes', 'Admission NC', 'CRP', 'Leucocytes', 'Release A', 'Return ER')",1,0.09523809523809523
P274,"('ER Registration', 'ER Triage', 'ER Sepsis Triage', 'IV Liquid', 'IV Antibiotics', 'CRP', 'Leucocytes', 'LacticAcid', 'Admission IC', 'LacticAcid', 'CRP', 'Leucocytes', 'CRP', 'Leucocytes', 'LacticAcid', 'Admission NC', 'Release A', 'Return ER')",1,0.09523809523809523
P275,"('ER Registration', 'ER Triage', 'ER Sepsis Triage', 'IV Liquid', 'IV Antibiotics', 'CRP', 'Leucocytes', 'LacticAcid', 'Admission IC', 'LacticAcid', 'Release B')",1,0.09523809523809523
P276,"('ER Registration', 'ER Triage', 'ER Sepsis Triage', 'IV Liquid', 'IV Antibiotics', 'CRP', 'Leucocytes', 'LacticAcid', 'Admission NC', 'Admission IC', 'LacticAcid', 'Leucocytes', 'CRP', 'LacticAcid', 'Leucocytes', 'CRP', 'LacticAcid', 'LacticAcid', 'Leucocytes', 'CRP', 'LacticAcid', 'Leucocytes', 'CRP', 'LacticAcid', 'Leucocytes', 'CRP', 'LacticAcid', 'Leucocytes', 'CRP', 'Leucocytes', 'CRP', 'LacticAcid', 'LacticAcid', 'Leucocytes', 'CRP', 'Leucocytes', 'CRP', 'LacticAcid', 'Leucocytes', 'CRP', 'LacticAcid', 'LacticAcid', 'Leucocytes', 'CRP', 'CRP', 'LacticAcid', 'Leucocytes', 'Leucocytes', 'CRP', 'LacticAcid', 'CRP', 'Leucocytes', 'LacticAcid', 'CRP', 'LacticAcid', 'Leucocytes', 'Leucocytes', 'CRP', 'LacticAcid', 'Leucocytes', 'CRP', 'LacticAcid', 'LacticAcid', 'Leucocytes', 'CRP', 'CRP', 'LacticAcid', 'Leucocytes', 'Leucocytes', 'CRP', 'LacticAcid', 'Leucocytes', 'CRP', 'LacticAcid', 'CRP', 'LacticAcid', 'Leucocytes', 'Leucocytes', 'LacticAcid', 'CRP', 'LacticAcid', 'Admission NC', 'Admission NC', 'Release A')",1,0.09523809523809523
P277,"('ER Registration', 'ER Triage', 'ER Sepsis Triage', 'IV Liquid', 'IV Antibiotics', 'CRP', 'Leucocytes', 'LacticAcid', 'Admission NC', 'Admission NC', 'CRP', 'Leucocytes', 'Release D', 'Return ER')",1,0.09523809523809523
P278,"('ER Registration', 'ER Triage', 'ER Sepsis Triage', 'IV Liquid', 'IV Antibiotics', 'CRP', 'Leucocytes', 'LacticAcid', 'Admission NC', 'CRP', 'Leucocytes', 'Admission NC', 'Release A')",1,0.09523809523809523
P279,"('ER Registration', 'ER Triage', 'ER Sepsis Triage', 'IV Liquid', 'IV Antibiotics', 'CRP', 'Leucocytes', 'LacticAcid', 'Admission NC', 'CRP', 'Leucocytes', 'CRP', 'Leucocytes', 'Leucocytes', 'CRP', 'CRP', 'Release A')",1,0.09523809523809523
P280,"('ER Registration', 'ER Triage', 'ER Sepsis Triage', 'IV Liquid', 'IV Antibiotics', 'CRP', 'Leucocytes', 'LacticAcid', 'Admission NC', 'CRP', 'Leucocytes', 'Release A')",1,0.09523809523809523
P281,"('ER Registration', 'ER Triage', 'ER Sepsis Triage', 'IV Liquid', 'IV Antibiotics', 'CRP', 'Leucocytes', 'LacticAcid', 'Admission NC', 'CRP', 'Leucocytes', 'Release A', 'Return ER')",1,0.09523809523809523
P282,"('ER Registration', 'ER Triage', 'ER Sepsis Triage', 'IV Liquid', 'IV Antibiotics', 'CRP', 'Leucocytes', 'LacticAcid', 'Admission NC', 'Leucocytes', 'CRP', 'Admission NC', 'Leucocytes', 'CRP', 'Leucocytes', 'CRP', 'Release A')",1,0.09523809523809523
P283,"('ER Registration', 'ER Triage', 'ER Sepsis Triage', 'IV Liquid', 'IV Antibiotics', 'CRP', 'Leucocytes', 'LacticAcid', 'Admission NC', 'Leucocytes', 'CRP', 'Leucocytes', 'CRP', 'Leucocytes', 'CRP', 'Admission NC', 'Leucocytes', 'CRP', 'CRP', 'Leucocytes', 'Leucocytes', 'CRP', 'Release D')",1,0.09523809523809523
P284,"('ER Registration', 'ER Triage', 'ER Sepsis Triage', 'IV Liquid', 'IV Antibiotics', 'CRP', 'Leucocytes', 'LacticAcid', 'Admission NC', 'Leucocytes', 'Leucocytes', 'Leucocytes', 'CRP', 'Admission NC', 'Leucocytes', 'CRP', 'CRP', 'Release A')",1,0.09523809523809523
P285,"('ER Registration', 'ER Triage', 'ER Sepsis Triage', 'IV Liquid', 'IV Antibiotics', 'CRP', 'Leucocytes', 'LacticAcid', 'Admission NC', 'Release A', 'Return ER')",1,0.09523809523809523
P286,"('ER Registration', 'ER Triage', 'ER Sepsis Triage', 'IV Liquid', 'IV Antibiotics', 'LacticAcid', 'CRP', 'Leucocytes')",1,0.09523809523809523
P287,"('ER Registration', 'ER Triage', 'ER Sepsis Triage', 'IV Liquid', 'IV Antibiotics', 'LacticAcid', 'CRP', 'Leucocytes', 'Admission NC', 'Admission NC', 'Leucocytes', 'CRP', 'CRP', 'CRP', 'Leucocytes', 'CRP', 'Release A', 'Return ER')",1,0.09523809523809523
P288,"('ER Registration', 'ER Triage', 'ER Sepsis Triage', 'IV Liquid', 'IV Antibiotics', 'LacticAcid', 'CRP', 'Leucocytes', 'Admission NC', 'CRP', 'Leucocytes', 'Release A', 'Return ER')",1,0.09523809523809523
P289,"('ER Registration', 'ER Triage', 'ER Sepsis Triage', 'IV Liquid', 'IV Antibiotics', 'LacticAcid', 'CRP', 'Leucocytes', 'Admission NC', 'Leucocytes', 'CRP', 'Release A')",1,0.09523809523809523
P290,"('ER Registration', 'ER Triage', 'ER Sepsis Triage', 'IV Liquid', 'IV Antibiotics', 'LacticAcid', 'CRP', 'Leucocytes', 'Leucocytes', 'CRP', 'LacticAcid')",1,0.09523809523809523
P291,"('ER Registration', 'ER Triage', 'ER Sepsis Triage', 'IV Liquid', 'IV Antibiotics', 'LacticAcid', 'Leucocytes', 'CRP', 'Admission IC', 'Leucocytes', 'CRP', 'LacticAcid', 'CRP', 'LacticAcid', 'Leucocytes', 'LacticAcid', 'CRP', 'Leucocytes', 'LacticAcid', 'Admission NC', 'CRP', 'Leucocytes', 'Leucocytes', 'CRP', 'CRP', 'Leucocytes', 'CRP', 'Leucocytes', 'CRP', 'Leucocytes', 'Leucocytes', 'CRP', 'Release A')",1,0.09523809523809523
P292,"('ER Registration', 'ER Triage', 'ER Sepsis Triage', 'IV Liquid', 'IV Antibiotics', 'LacticAcid', 'Leucocytes', 'CRP', 'Admission NC', 'Admission NC', 'Admission IC', 'Leucocytes', 'CRP', 'LacticAcid', 'LacticAcid', 'LacticAcid', 'Leucocytes', 'CRP', 'Admission NC', 'Leucocytes', 'CRP', 'Release A', 'Return ER')",1,0.09523809523809523
P293,"('ER Registration', 'ER Triage', 'ER Sepsis Triage', 'IV Liquid', 'IV Antibiotics', 'LacticAcid', 'Leucocytes', 'CRP', 'Admission NC', 'Admission NC', 'Leucocytes', 'CRP', 'Leucocytes', 'CRP', 'Release A')",1,0.09523809523809523
P294,"('ER Registration', 'ER Triage', 'ER Sepsis Triage', 'IV Liquid', 'IV Antibiotics', 'LacticAcid', 'Leucocytes', 'CRP', 'Admission NC', 'Admission NC', 'Leucocytes', 'CRP', 'Leucocytes', 'Leucocytes', 'Leucocytes', 'Leucocytes', 'Leucocytes', 'CRP', 'Leucocytes', 'Leucocytes', 'Leucocytes', 'CRP', 'Leucocytes', 'CRP', 'Leucocytes', 'Leucocytes', 'CRP', 'Leucocytes', 'Release D')",1,0.09523809523809523
P295,"('ER Registration', 'ER Triage', 'ER Sepsis Triage', 'IV Liquid', 'IV Antibiotics', 'LacticAcid', 'Leucocytes', 'CRP', 'Admission NC', 'CRP', 'Leucocytes', 'Admission NC', 'Release A', 'Return ER')",1,0.09523809523809523
P296,"('ER Registration', 'ER Triage', 'ER Sepsis Triage', 'IV Liquid', 'IV Antibiotics', 'LacticAcid', 'Leucocytes', 'CRP', 'Admission NC', 'CRP', 'Leucocytes', 'Leucocytes', 'CRP', 'Leucocytes', 'Release A')",1,0.09523809523809523
P297,"('ER Registration', 'ER Triage', 'ER Sepsis Triage', 'IV Liquid', 'IV Antibiotics', 'LacticAcid', 'Leucocytes', 'CRP', 'Admission NC', 'CRP', 'Release A', 'Return ER')",1,0.09523809523809523
P298,"('ER Registration', 'ER Triage', 'ER Sepsis Triage', 'IV Liquid', 'IV Antibiotics', 'LacticAcid', 'Leucocytes', 'CRP', 'Admission NC', 'LacticAcid', 'Leucocytes', 'CRP', 'CRP', 'Leucocytes', 'Leucocytes', 'CRP', 'Release A')",1,0.09523809523809523
P299,"('ER Registration', 'ER Triage', 'ER Sepsis Triage', 'IV Liquid', 'IV Antibiotics', 'LacticAcid', 'Leucocytes', 'CRP', 'Admission NC', 'Leucocytes', 'CRP', 'Admission NC', 'CRP', 'Leucocytes', 'CRP', 'Release A')",1,0.09523809523809523
P300,"('ER Registration', 'ER Triage', 'ER Sepsis Triage', 'IV Liquid', 'IV Antibiotics', 'LacticAcid', 'Leucocytes', 'CRP', 'Admission NC', 'Leucocytes', 'CRP', 'Admission NC', 'Release A')",1,0.09523809523809523
P301,"('ER Registration', 'ER Triage', 'ER Sepsis Triage', 'IV Liquid', 'IV Antibiotics', 'LacticAcid', 'Leucocytes', 'CRP', 'Admission NC', 'Leucocytes', 'CRP', 'Leucocytes', 'CRP', 'Release B')",1,0.09523809523809523
P302,"('ER Registration', 'ER Triage', 'ER Sepsis Triage', 'IV Liquid', 'IV Antibiotics', 'LacticAcid', 'Leucocytes', 'CRP', 'Admission NC', 'Leucocytes', 'CRP', 'Release A')",1,0.09523809523809523
P303,"('ER Registration', 'ER Triage', 'ER Sepsis Triage', 'IV Liquid', 'IV Antibiotics', 'Leucocytes', 'CRP', 'CRP', 'Leucocytes', 'LacticAcid', 'Admission IC', 'CRP', 'LacticAcid', 'Leucocytes', 'Leucocytes', 'CRP', 'LacticAcid', 'Admission NC', 'Leucocytes', 'CRP', 'Release A', 'Return ER')",1,0.09523809523809523
P304,"('ER Registration', 'ER Triage', 'ER Sepsis Triage', 'IV Liquid', 'IV Antibiotics', 'Leucocytes', 'CRP', 'LacticAcid')",1,0.09523809523809523
P305,"('ER Registration', 'ER Triage', 'ER Sepsis Triage', 'IV Liquid', 'IV Antibiotics', 'Leucocytes', 'CRP', 'LacticAcid', 'Admission NC', 'Admission NC', 'CRP', 'Leucocytes', 'CRP', 'Leucocytes', 'Leucocytes', 'Release A')",1,0.09523809523809523
P306,"('ER Registration', 'ER Triage', 'ER Sepsis Triage', 'IV Liquid', 'IV Antibiotics', 'Leucocytes', 'CRP', 'LacticAcid', 'Admission NC', 'CRP', 'Admission NC', 'CRP', 'Release A', 'Return ER')",1,0.09523809523809523
P307,"('ER Registration', 'ER Triage', 'ER Sepsis Triage', 'IV Liquid', 'IV Antibiotics', 'Leucocytes', 'CRP', 'LacticAcid', 'Admission NC', 'CRP', 'CRP', 'Leucocytes', 'Leucocytes', 'CRP', 'CRP', 'Leucocytes', 'Release A')",1,0.09523809523809523
P308,"('ER Registration', 'ER Triage', 'ER Sepsis Triage', 'IV Liquid', 'IV Antibiotics', 'Leucocytes', 'CRP', 'LacticAcid', 'Admission NC', 'CRP', 'Leucocytes', 'Admission NC', 'CRP', 'Leucocytes', 'Leucocytes', 'CRP', 'Leucocytes', 'CRP', 'Release A')",1,0.09523809523809523
P309,"('ER Registration', 'ER Triage', 'ER Sepsis Triage', 'IV Liquid', 'IV Antibiotics', 'Leucocytes', 'CRP', 'LacticAcid', 'Admission NC', 'CRP', 'Leucocytes', 'Admission NC', 'Leucocytes', 'CRP', 'Leucocytes', 'Release A')",1,0.09523809523809523
P310,"('ER Registration', 'ER Triage', 'ER Sepsis Triage', 'IV Liquid', 'IV Antibiotics', 'Leucocytes', 'CRP', 'LacticAcid', 'Admission NC', 'CRP', 'Leucocytes', 'CRP', 'Leucocytes', 'Admission NC', 'CRP', 'Leucocytes', 'CRP', 'Leucocytes', 'Release B')",1,0.09523809523809523
P311,"('ER Registration', 'ER Triage', 'ER Sepsis Triage', 'IV Liquid', 'IV Antibiotics', 'Leucocytes', 'CRP', 'LacticAcid', 'Admission NC', 'CRP', 'Leucocytes', 'CRP', 'Leucocytes', 'Release A', 'Return ER')",1,0.09523809523809523
P312,"('ER Registration', 'ER Triage', 'ER Sepsis Triage', 'IV Liquid', 'IV Antibiotics', 'Leucocytes', 'CRP', 'LacticAcid', 'Admission NC', 'CRP', 'Leucocytes', 'Release A')",1,0.09523809523809523
P313,"('ER Registration', 'ER Triage', 'ER Sepsis Triage', 'IV Liquid', 'IV Antibiotics', 'Leucocytes', 'CRP', 'LacticAcid', 'Admission NC', 'CRP', 'Release A')",1,0.09523809523809523
P314,"('ER Registration', 'ER Triage', 'ER Sepsis Triage', 'IV Liquid', 'IV Antibiotics', 'Leucocytes', 'CRP', 'LacticAcid', 'Admission NC', 'LacticAcid', 'Leucocytes', 'CRP', 'Admission NC', 'Admission NC', 'Leucocytes', 'CRP', 'Leucocytes', 'CRP', 'Release A')",1,0.09523809523809523
P315,"('ER Registration', 'ER Triage', 'ER Sepsis Triage', 'IV Liquid', 'IV Antibiotics', 'Leucocytes', 'CRP', 'LacticAcid', 'Admission NC', 'Release A')",1,0.09523809523809523
P316,"('ER Registration', 'ER Triage', 'ER Sepsis Triage', 'IV Liquid', 'IV Antibiotics', 'Leucocytes', 'CRP', 'LacticAcid', 'LacticAcid', 'Admission NC', 'Admission NC', 'CRP', 'Leucocytes', 'Release A')",1,0.09523809523809523
P317,"('ER Registration', 'ER Triage', 'ER Sepsis Triage', 'IV Liquid', 'IV Antibiotics', 'Leucocytes', 'LacticAcid', 'CRP', 'Admission IC', 'LacticAcid', 'CRP', 'LacticAcid', 'Leucocytes', 'LacticAcid', 'CRP', 'Leucocytes', 'Admission NC', 'Leucocytes', 'CRP', 'Release A')",1,0.09523809523809523
P318,"('ER Registration', 'ER Triage', 'ER Sepsis Triage', 'IV Liquid', 'IV Antibiotics', 'Leucocytes', 'LacticAcid', 'CRP', 'Admission IC', 'Leucocytes', 'LacticAcid', 'CRP', 'Admission NC', 'CRP', 'Leucocytes', 'Leucocytes', 'Release A')",1,0.09523809523809523
P319,"('ER Registration', 'ER Triage', 'ER Sepsis Triage', 'IV Liquid', 'IV Antibiotics', 'Leucocytes', 'LacticAcid', 'CRP', 'Admission NC', 'Admission NC', 'Leucocytes', 'CRP', 'CRP', 'Leucocytes', 'CRP', 'Leucocytes', 'Release A')",1,0.09523809523809523
P320,"('ER Registration', 'ER Triage', 'ER Sepsis Triage', 'IV Liquid', 'IV Antibiotics', 'Leucocytes', 'LacticAcid', 'CRP', 'Admission NC', 'Admission NC', 'Leucocytes', 'CRP', 'CRP', 'Leucocytes', 'Release C')",1,0.09523809523809523
P321,"('ER Registration', 'ER Triage', 'ER Sepsis Triage', 'IV Liquid', 'IV Antibiotics', 'Leucocytes', 'LacticAcid', 'CRP', 'Admission NC', 'CRP', 'LacticAcid', 'Leucocytes', 'Leucocytes', 'CRP', 'Release A')",1,0.09523809523809523
P322,"('ER Registration', 'ER Triage', 'ER Sepsis Triage', 'IV Liquid', 'IV Antibiotics', 'Leucocytes', 'LacticAcid', 'CRP', 'Admission NC', 'CRP', 'Leucocytes', 'CRP', 'Leucocytes', 'Release A')",1,0.09523809523809523
P323,"('ER Registration', 'ER Triage', 'ER Sepsis Triage', 'IV Liquid', 'IV Antibiotics', 'Leucocytes', 'LacticAcid', 'CRP', 'Admission NC', 'CRP', 'Release A')",1,0.09523809523809523
P324,"('ER Registration', 'ER Triage', 'ER Sepsis Triage', 'IV Liquid', 'IV Antibiotics', 'Leucocytes', 'LacticAcid', 'CRP', 'Admission NC', 'Leucocytes', 'CRP', 'CRP', 'Leucocytes', 'CRP', 'Leucocytes', 'CRP', 'Leucocytes', 'CRP', 'Leucocytes', 'Release A', 'Return ER')",1,0.09523809523809523
P325,"('ER Registration', 'ER Triage', 'ER Sepsis Triage', 'IV Liquid', 'IV Antibiotics', 'Leucocytes', 'LacticAcid', 'CRP', 'Admission NC', 'Leucocytes', 'CRP', 'Leucocytes', 'CRP', 'Admission NC', 'Leucocytes', 'CRP', 'Leucocytes', 'CRP', 'Admission NC', 'Admission NC', 'Release A')",1,0.09523809523809523
P326,"('ER Registration', 'ER Triage', 'ER Sepsis Triage', 'IV Liquid', 'IV Antibiotics', 'Leucocytes', 'LacticAcid', 'CRP', 'Admission NC', 'Leucocytes', 'CRP', 'Release A')",1,0.09523809523809523
P327,"('ER Registration', 'ER Triage', 'ER Sepsis Triage', 'IV Liquid', 'IV Antibiotics', 'Leucocytes', 'LacticAcid', 'CRP', 'Admission NC', 'Leucocytes', 'Leucocytes', 'CRP', 'Release A')",1,0.09523809523809523
P328,"('ER Registration', 'ER Triage', 'ER Sepsis Triage', 'IV Liquid', 'LacticAcid', 'CRP', 'Leucocytes', 'IV Antibiotics', 'Admission NC', 'Admission NC', 'Leucocytes', 'CRP', 'LacticAcid', 'Leucocytes', 'CRP', 'CRP', 'Leucocytes', 'Release A', 'Return ER')",1,0.09523809523809523
P329,"('ER Registration', 'ER Triage', 'ER Sepsis Triage', 'IV Liquid', 'LacticAcid', 'CRP', 'Leucocytes', 'IV Antibiotics', 'Admission NC', 'Admission NC', 'Leucocytes', 'CRP', 'Release A')",1,0.09523809523809523
P330,"('ER Registration', 'ER Triage', 'ER Sepsis Triage', 'IV Liquid', 'LacticAcid', 'CRP', 'Leucocytes', 'IV Antibiotics', 'Admission NC', 'CRP', 'LacticAcid', 'Leucocytes', 'Admission NC', 'Leucocytes', 'CRP', 'Release A', 'Return ER')",1,0.09523809523809523
P331,"('ER Registration', 'ER Triage', 'ER Sepsis Triage', 'IV Liquid', 'LacticAcid', 'CRP', 'Leucocytes', 'IV Antibiotics', 'Admission NC', 'CRP', 'Leucocytes', 'Admission NC', 'CRP', 'Leucocytes', 'CRP', 'Leucocytes', 'CRP', 'Leucocytes', 'CRP', 'Release A')",1,0.09523809523809523
P332,"('ER Registration', 'ER Triage', 'ER Sepsis Triage', 'IV Liquid', 'LacticAcid', 'CRP', 'Leucocytes', 'IV Antibiotics', 'Admission NC', 'Leucocytes', 'CRP', 'Admission IC', 'CRP', 'Leucocytes', 'LacticAcid', 'Leucocytes', 'Leucocytes', 'LacticAcid', 'Leucocytes', 'CRP', 'LacticAcid', 'CRP', 'Leucocytes', 'LacticAcid', 'CRP', 'LacticAcid', 'Leucocytes', 'CRP', 'LacticAcid', 'Leucocytes', 'LacticAcid', 'Leucocytes', 'CRP', 'CRP', 'Leucocytes', 'LacticAcid', 'CRP', 'Leucocytes', 'LacticAcid', 'LacticAcid', 'Leucocytes', 'CRP', 'LacticAcid', 'CRP', 'Leucocytes', 'Leucocytes', 'CRP', 'LacticAcid', 'CRP', 'Leucocytes', 'LacticAcid', 'CRP', 'Leucocytes', 'LacticAcid', 'LacticAcid', 'Leucocytes', 'CRP', 'LacticAcid', 'CRP', 'Leucocytes', 'LacticAcid', 'Leucocytes', 'CRP', 'Leucocytes', 'CRP', 'Leucocytes', 'LacticAcid', 'Leucocytes', 'LacticAcid', 'CRP', 'LacticAcid', 'Leucocytes', 'CRP', 'CRP', 'LacticAcid', 'Leucocytes', 'CRP', 'Leucocytes', 'LacticAcid', 'CRP', 'LacticAcid', 'Leucocytes', 'Admission IC', 'CRP', 'LacticAcid', 'Leucocytes', 'Leucocytes', 'Leucocytes', 'CRP', 'LacticAcid', 'LacticAcid', 'CRP', 'LacticAcid', 'Leucocytes', 'CRP', 'Leucocytes', 'LacticAcid', 'CRP', 'LacticAcid', 'Leucocytes', 'CRP', 'LacticAcid', 'Leucocytes', 'LacticAcid', 'CRP', 'Leucocytes', 'LacticAcid', 'Leucocytes', 'CRP', 'CRP', 'Leucocytes', 'LacticAcid', 'Leucocytes', 'CRP', 'LacticAcid', 'CRP', 'Leucocytes', 'LacticAcid', 'LacticAcid', 'Leucocytes', 'CRP', 'LacticAcid', 'Leucocytes', 'CRP', 'LacticAcid', 'Leucocytes', 'CRP', 'LacticAcid', 'CRP', 'Leucocytes', 'LacticAcid', 'CRP', 'Leucocytes', 'Leucocytes', 'CRP', 'LacticAcid', 'LacticAcid', 'Leucocytes', 'CRP', 'CRP', 'LacticAcid', 'Leucocytes', 'Leucocytes', 'CRP', 'LacticAcid', 'LacticAcid', 'CRP', 'Leucocytes', 'CRP', 'LacticAcid', 'Leucocytes', 'CRP', 'LacticAcid', 'Leucocytes', 'Leucocytes', 'LacticAcid', 'CRP', 'Leucocytes', 'LacticAcid', 'CRP', 'CRP', 'LacticAcid', 'Leucocytes', 'Leucocytes', 'Admission NC', 'Leucocytes', 'CRP', 'Leucocytes', 'Release A', 'Return ER')",1,0.09523809523809523
P333,"('ER Registration', 'ER Triage', 'ER Sepsis Triage', 'IV Liquid', 'LacticAcid', 'CRP', 'Leucocytes', 'IV Antibiotics', 'Admission NC', 'Leucocytes', 'CRP', 'Admission NC', 'CRP', 'Release A')",1,0.09523809523809523
P334,"('ER Registration', 'ER Triage', 'ER Sepsis Triage', 'IV Liquid', 'LacticAcid', 'CRP', 'Leucocytes', 'IV Antibiotics', 'Admission NC', 'Leucocytes', 'CRP', 'CRP', 'Release B')",1,0.09523809523809523
P335,"('ER Registration', 'ER Triage', 'ER Sepsis Triage', 'IV Liquid', 'LacticAcid', 'CRP', 'Leucocytes', 'IV Antibiotics', 'Admission NC', 'Leucocytes', 'CRP', 'Leucocytes', 'CRP', 'Leucocytes', 'CRP', 'Release A')",1,0.09523809523809523
P336,"('ER Registration', 'ER Triage', 'ER Sepsis Triage', 'IV Liquid', 'LacticAcid', 'Leucocytes', 'CRP', 'IV Antibiotics')",1,0.09523809523809523
P337,"('ER Registration', 'ER Triage', 'ER Sepsis Triage', 'IV Liquid', 'LacticAcid', 'Leucocytes', 'CRP', 'IV Antibiotics', 'Admission IC', 'CRP', 'Leucocytes', 'LacticAcid', 'LacticAcid', 'Leucocytes', 'Admission NC', 'CRP', 'Release A', 'Return ER')",1,0.09523809523809523
P338,"('ER Registration', 'ER Triage', 'ER Sepsis Triage', 'IV Liquid', 'LacticAcid', 'Leucocytes', 'CRP', 'IV Antibiotics', 'Admission IC', 'CRP', 'Leucocytes', 'LacticAcid', 'Leucocytes', 'LacticAcid', 'CRP', 'CRP', 'Leucocytes', 'LacticAcid', 'LacticAcid', 'CRP', 'Leucocytes', 'Admission NC', 'Leucocytes', 'CRP', 'CRP', 'Leucocytes', 'CRP', 'Leucocytes', 'CRP', 'Leucocytes', 'Leucocytes', 'CRP', 'CRP', 'Leucocytes', 'Release A')",1,0.09523809523809523
P339,"('ER Registration', 'ER Triage', 'ER Sepsis Triage', 'IV Liquid', 'LacticAcid', 'Leucocytes', 'CRP', 'IV Antibiotics', 'Admission IC', 'LacticAcid', 'CRP', 'Leucocytes', 'Admission NC', 'Admission NC', 'Release A')",1,0.09523809523809523
P340,"('ER Registration', 'ER Triage', 'ER Sepsis Triage', 'IV Liquid', 'LacticAcid', 'Leucocytes', 'CRP', 'IV Antibiotics', 'Admission NC', 'Admission NC', 'CRP', 'Leucocytes', 'CRP', 'Leucocytes', 'CRP', 'Release A', 'Return ER')",1,0.09523809523809523
P341,"('ER Registration', 'ER Triage', 'ER Sepsis Triage', 'IV Liquid', 'LacticAcid', 'Leucocytes', 'CRP', 'IV Antibiotics', 'Admission NC', 'Admission NC', 'CRP', 'Leucocytes', 'Release A')",1,0.09523809523809523
P342,"('ER Registration', 'ER Triage', 'ER Sepsis Triage', 'IV Liquid', 'LacticAcid', 'Leucocytes', 'CRP', 'IV Antibiotics', 'Admission NC', 'Admission NC', 'LacticAcid', 'Leucocytes', 'CRP', 'Leucocytes', 'CRP', 'Leucocytes', 'CRP', 'CRP', 'Leucocytes', 'CRP', 'Release A', 'Return ER')",1,0.09523809523809523
P343,"('ER Registration', 'ER Triage', 'ER Sepsis Triage', 'IV Liquid', 'LacticAcid', 'Leucocytes', 'CRP', 'IV Antibiotics', 'Admission NC', 'Admission NC', 'Leucocytes', 'CRP', 'Release A')",1,0.09523809523809523
P344,"('ER Registration', 'ER Triage', 'ER Sepsis Triage', 'IV Liquid', 'LacticAcid', 'Leucocytes', 'CRP', 'IV Antibiotics', 'Admission NC', 'CRP', 'LacticAcid', 'Leucocytes', 'Leucocytes', 'Leucocytes', 'CRP', 'LacticAcid', 'Release A')",1,0.09523809523809523
P345,"('ER Registration', 'ER Triage', 'ER Sepsis Triage', 'IV Liquid', 'LacticAcid', 'Leucocytes', 'CRP', 'IV Antibiotics', 'Admission NC', 'CRP', 'Leucocytes', 'Leucocytes', 'CRP', 'Release A')",1,0.09523809523809523
P346,"('ER Registration', 'ER Triage', 'ER Sepsis Triage', 'IV Liquid', 'LacticAcid', 'Leucocytes', 'CRP', 'IV Antibiotics', 'Admission NC', 'CRP', 'Release A')",1,0.09523809523809523
P347,"('ER Registration', 'ER Triage', 'ER Sepsis Triage', 'IV Liquid', 'LacticAcid', 'Leucocytes', 'CRP', 'IV Antibiotics', 'Admission NC', 'Leucocytes', 'CRP', 'Leucocytes', 'CRP', 'CRP', 'Leucocytes', 'CRP', 'Leucocytes', 'Leucocytes', 'CRP', 'Leucocytes', 'CRP', 'CRP', 'Leucocytes', 'Release A')",1,0.09523809523809523
P348,"('ER Registration', 'ER Triage', 'ER Sepsis Triage', 'IV Liquid', 'LacticAcid', 'Leucocytes', 'CRP', 'IV Antibiotics', 'Admission NC', 'Leucocytes', 'CRP', 'Leucocytes', 'CRP', 'CRP', 'Leucocytes', 'Leucocytes', 'CRP', 'Leucocytes', 'CRP', 'Release C', 'Return ER')",1,0.09523809523809523
P349,"('ER Registration', 'ER Triage', 'ER Sepsis Triage', 'IV Liquid', 'LacticAcid', 'Leucocytes', 'CRP', 'IV Antibiotics', 'Admission NC', 'Leucocytes', 'CRP', 'Leucocytes', 'CRP', 'Release A', 'Return ER')",1,0.09523809523809523
P350,"('ER Registration', 'ER Triage', 'ER Sepsis Triage', 'IV Liquid', 'LacticAcid', 'Leucocytes', 'CRP', 'IV Antibiotics', 'Admission NC', 'Leucocytes', 'CRP', 'Leucocytes', 'Leucocytes', 'CRP', 'CRP', 'Leucocytes', 'Release A')",1,0.09523809523809523
P351,"('ER Registration', 'ER Triage', 'ER Sepsis Triage', 'IV Liquid', 'LacticAcid', 'Leucocytes', 'CRP', 'IV Antibiotics', 'Admission NC', 'Leucocytes', 'CRP', 'Release A')",1,0.09523809523809523
P352,"('ER Registration', 'ER Triage', 'ER Sepsis Triage', 'IV Liquid', 'LacticAcid', 'Leucocytes', 'CRP', 'IV Antibiotics', 'Admission NC', 'Release A')",1,0.09523809523809523
P353,"('ER Registration', 'ER Triage', 'ER Sepsis Triage', 'IV Liquid', 'LacticAcid', 'Leucocytes', 'CRP', 'IV Antibiotics', 'CRP', 'Leucocytes', 'Admission NC', 'Admission NC', 'CRP', 'Leucocytes', 'Release A')",1,0.09523809523809523
P354,"('ER Registration', 'ER Triage', 'ER Sepsis Triage', 'IV Liquid', 'Leucocytes', 'CRP', 'IV Antibiotics', 'Admission NC', 'Admission IC', 'LacticAcid', 'CRP', 'Leucocytes', 'Leucocytes', 'CRP', 'LacticAcid', 'LacticAcid', 'Leucocytes', 'LacticAcid', 'CRP', 'Leucocytes', 'LacticAcid', 'LacticAcid', 'Leucocytes', 'LacticAcid', 'CRP', 'Admission NC', 'Leucocytes', 'CRP', 'Leucocytes', 'CRP', 'Release A', 'Return ER')",1,0.09523809523809523
P355,"('ER Registration', 'ER Triage', 'ER Sepsis Triage', 'IV Liquid', 'Leucocytes', 'CRP', 'IV Antibiotics', 'Admission NC', 'CRP', 'Leucocytes', 'CRP', 'Leucocytes', 'Leucocytes', 'CRP', 'Release A', 'Return ER')",1,0.09523809523809523
P356,"('ER Registration', 'ER Triage', 'ER Sepsis Triage', 'IV Liquid', 'Leucocytes', 'CRP', 'IV Antibiotics', 'Admission NC', 'CRP', 'Leucocytes', 'Release A')",1,0.09523809523809523
P357,"('ER Registration', 'ER Triage', 'ER Sepsis Triage', 'IV Liquid', 'Leucocytes', 'CRP', 'IV Antibiotics', 'Admission NC', 'Leucocytes', 'Leucocytes', 'CRP', 'CRP', 'Leucocytes', 'Release A', 'Return ER')",1,0.09523809523809523
P358,"('ER Registration', 'ER Triage', 'ER Sepsis Triage', 'IV Liquid', 'Leucocytes', 'CRP', 'LacticAcid', 'IV Antibiotics', 'Admission IC', 'CRP', 'LacticAcid', 'Leucocytes', 'Admission IC', 'Admission NC', 'CRP', 'Leucocytes', 'Release A', 'Return ER')",1,0.09523809523809523
P359,"('ER Registration', 'ER Triage', 'ER Sepsis Triage', 'IV Liquid', 'Leucocytes', 'CRP', 'LacticAcid', 'IV Antibiotics', 'Admission IC', 'Leucocytes', 'CRP', 'LacticAcid', 'CRP', 'LacticAcid', 'Leucocytes', 'Leucocytes', 'LacticAcid', 'CRP', 'Admission NC', 'Release B')",1,0.09523809523809523
P360,"('ER Registration', 'ER Triage', 'ER Sepsis Triage', 'IV Liquid', 'Leucocytes', 'CRP', 'LacticAcid', 'IV Antibiotics', 'Admission NC', 'Admission IC', 'LacticAcid', 'Leucocytes', 'CRP', 'LacticAcid', 'CRP', 'Leucocytes', 'Admission NC', 'Release B')",1,0.09523809523809523
P361,"('ER Registration', 'ER Triage', 'ER Sepsis Triage', 'IV Liquid', 'Leucocytes', 'CRP', 'LacticAcid', 'IV Antibiotics', 'Admission NC', 'Admission NC', 'CRP', 'Leucocytes', 'CRP', 'Release A', 'Return ER')",1,0.09523809523809523
P362,"('ER Registration', 'ER Triage', 'ER Sepsis Triage', 'IV Liquid', 'Leucocytes', 'CRP', 'LacticAcid', 'IV Antibiotics', 'Admission NC', 'Admission NC', 'CRP', 'Leucocytes', 'Leucocytes', 'CRP', 'CRP', 'Leucocytes', 'Release A', 'Return ER')",1,0.09523809523809523
P363,"('ER Registration', 'ER Triage', 'ER Sepsis Triage', 'IV Liquid', 'Leucocytes', 'CRP', 'LacticAcid', 'IV Antibiotics', 'Admission NC', 'Admission NC', 'CRP', 'Leucocytes', 'Leucocytes', 'CRP', 'Release A', 'Return ER')",1,0.09523809523809523
P364,"('ER Registration', 'ER Triage', 'ER Sepsis Triage', 'IV Liquid', 'Leucocytes', 'CRP', 'LacticAcid', 'IV Antibiotics', 'Admission NC', 'Admission NC', 'CRP', 'Leucocytes', 'Release A')",1,0.09523809523809523
P365,"('ER Registration', 'ER Triage', 'ER Sepsis Triage', 'IV Liquid', 'Leucocytes', 'CRP', 'LacticAcid', 'IV Antibiotics', 'Admission NC', 'Admission NC', 'CRP', 'Release A')",1,0.09523809523809523
P366,"('ER Registration', 'ER Triage', 'ER Sepsis Triage', 'IV Liquid', 'Leucocytes', 'CRP', 'LacticAcid', 'IV Antibiotics', 'Admission NC', 'Admission NC', 'Leucocytes', 'CRP', 'Release A')",1,0.09523809523809523
P367,"('ER Registration', 'ER Triage', 'ER Sepsis Triage', 'IV Liquid', 'Leucocytes', 'CRP', 'LacticAcid', 'IV Antibiotics', 'Admission NC', 'Admission NC', 'Release A', 'Return ER')",1,0.09523809523809523
P368,"('ER Registration', 'ER Triage', 'ER Sepsis Triage', 'IV Liquid', 'Leucocytes', 'CRP', 'LacticAcid', 'IV Antibiotics', 'Admission NC', 'CRP', 'CRP', 'Release A')",1,0.09523809523809523
P369,"('ER Registration', 'ER Triage', 'ER Sepsis Triage', 'IV Liquid', 'Leucocytes', 'CRP', 'LacticAcid', 'IV Antibiotics', 'Admission NC', 'CRP', 'Leucocytes')",1,0.09523809523809523
P370,"('ER Registration', 'ER Triage', 'ER Sepsis Triage', 'IV Liquid', 'Leucocytes', 'CRP', 'LacticAcid', 'IV Antibiotics', 'Admission NC', 'CRP', 'Leucocytes', 'Leucocytes', 'CRP', 'CRP', 'Leucocytes', 'Leucocytes', 'Leucocytes', 'Leucocytes', 'Leucocytes', 'CRP', 'Leucocytes', 'CRP', 'Leucocytes', 'CRP', 'Leucocytes', 'Leucocytes', 'Release A')",1,0.09523809523809523
P371,"('ER Registration', 'ER Triage', 'ER Sepsis Triage', 'IV Liquid', 'Leucocytes', 'CRP', 'LacticAcid', 'IV Antibiotics', 'Admission NC', 'Leucocytes', 'CRP', 'Admission NC', 'Leucocytes', 'CRP', 'Release A', 'Return ER')",1,0.09523809523809523
P372,"('ER Registration', 'ER Triage', 'ER Sepsis Triage', 'IV Liquid', 'Leucocytes', 'CRP', 'LacticAcid', 'IV Antibiotics', 'Admission NC', 'Leucocytes', 'CRP', 'CRP', 'Release A')",1,0.09523809523809523
P373,"('ER Registration', 'ER Triage', 'ER Sepsis Triage', 'IV Liquid', 'Leucocytes', 'CRP', 'LacticAcid', 'IV Antibiotics', 'Admission NC', 'Leucocytes', 'CRP', 'Leucocytes', 'Release A', 'Return ER')",1,0.09523809523809523
P374,"('ER Registration', 'ER Triage', 'ER Sepsis Triage', 'IV Liquid', 'Leucocytes', 'CRP', 'LacticAcid', 'IV Antibiotics', 'Admission NC', 'Release A', 'Return ER')",1,0.09523809523809523
P375,"('ER Registration', 'ER Triage', 'ER Sepsis Triage', 'IV Liquid', 'Leucocytes', 'LacticAcid', 'CRP', 'IV Antibiotics')",1,0.09523809523809523
P376,"('ER Registration', 'ER Triage', 'ER Sepsis Triage', 'IV Liquid', 'Leucocytes', 'LacticAcid', 'CRP', 'IV Antibiotics', 'Admission IC', 'LacticAcid', 'CRP', 'Leucocytes', 'LacticAcid', 'LacticAcid', 'CRP', 'Leucocytes', 'Admission NC', 'Leucocytes', 'CRP', 'Release A', 'Return ER')",1,0.09523809523809523
P377,"('ER Registration', 'ER Triage', 'ER Sepsis Triage', 'IV Liquid', 'Leucocytes', 'LacticAcid', 'CRP', 'IV Antibiotics', 'Admission NC', 'Admission IC', 'CRP', 'LacticAcid', 'Leucocytes', 'LacticAcid', 'Leucocytes', 'CRP', 'Admission NC', 'CRP', 'Leucocytes', 'CRP', 'LacticAcid', 'Leucocytes', 'CRP', 'LacticAcid', 'CRP', 'Leucocytes', 'Leucocytes', 'CRP', 'Release A')",1,0.09523809523809523
P378,"('ER Registration', 'ER Triage', 'ER Sepsis Triage', 'IV Liquid', 'Leucocytes', 'LacticAcid', 'CRP', 'IV Antibiotics', 'Admission NC', 'Admission NC', 'CRP', 'Leucocytes', 'Release A')",1,0.09523809523809523
P379,"('ER Registration', 'ER Triage', 'ER Sepsis Triage', 'IV Liquid', 'Leucocytes', 'LacticAcid', 'CRP', 'IV Antibiotics', 'Admission NC', 'Admission NC', 'Leucocytes', 'Leucocytes', 'CRP', 'Release A')",1,0.09523809523809523
P380,"('ER Registration', 'ER Triage', 'ER Sepsis Triage', 'IV Liquid', 'Leucocytes', 'LacticAcid', 'CRP', 'IV Antibiotics', 'Admission NC', 'CRP', 'Leucocytes', 'CRP', 'Leucocytes', 'Release A', 'Return ER')",1,0.09523809523809523
P381,"('ER Registration', 'ER Triage', 'ER Sepsis Triage', 'IV Liquid', 'Leucocytes', 'LacticAcid', 'CRP', 'IV Antibiotics', 'Admission NC', 'CRP', 'Leucocytes', 'CRP', 'Leucocytes', 'Release D')",1,0.09523809523809523
P382,"('ER Registration', 'ER Triage', 'ER Sepsis Triage', 'IV Liquid', 'Leucocytes', 'LacticAcid', 'CRP', 'IV Antibiotics', 'Admission NC', 'CRP', 'Leucocytes', 'LacticAcid', 'LacticAcid', 'CRP', 'Leucocytes', 'Leucocytes', 'CRP', 'LacticAcid', 'Release E')",1,0.09523809523809523
P383,"('ER Registration', 'ER Triage', 'ER Sepsis Triage', 'IV Liquid', 'Leucocytes', 'LacticAcid', 'CRP', 'IV Antibiotics', 'Admission NC', 'Leucocytes', 'CRP', 'Release A', 'Return ER')",1,0.09523809523809523
P384,"('ER Registration', 'ER Triage', 'ER Sepsis Triage', 'IV Liquid', 'Leucocytes', 'LacticAcid', 'CRP', 'IV Antibiotics', 'Admission NC', 'Release A', 'Return ER')",1,0.09523809523809523
P385,"('ER Registration', 'ER Triage', 'ER Sepsis Triage', 'LacticAcid', 'CRP', 'Leucocytes')",1,0.09523809523809523
P386,"('ER Registration', 'ER Triage', 'ER Sepsis Triage', 'LacticAcid', 'CRP', 'Leucocytes', 'Admission NC', 'Admission NC', 'Leucocytes', 'CRP', 'CRP', 'Leucocytes', 'Release E')",1,0.09523809523809523
P387,"('ER Registration', 'ER Triage', 'ER Sepsis Triage', 'LacticAcid', 'CRP', 'Leucocytes', 'Admission NC', 'Leucocytes', 'CRP', 'Admission NC', 'Leucocytes', 'CRP', 'Leucocytes', 'CRP', 'Leucocytes', 'CRP', 'Leucocytes', 'CRP', 'Leucocytes', 'CRP', 'Release A', 'Return ER')",1,0.09523809523809523
P388,"('ER Registration', 'ER Triage', 'ER Sepsis Triage', 'LacticAcid', 'CRP', 'Leucocytes', 'IV Antibiotics')",1,0.09523809523809523
P389,"('ER Registration', 'ER Triage', 'ER Sepsis Triage', 'LacticAcid', 'CRP', 'Leucocytes', 'IV Antibiotics', 'Admission NC', 'Admission NC', 'CRP', 'Leucocytes', 'CRP', 'Release D', 'Return ER')",1,0.09523809523809523
P390,"('ER Registration', 'ER Triage', 'ER Sepsis Triage', 'LacticAcid', 'CRP', 'Leucocytes', 'IV Antibiotics', 'Admission NC', 'CRP', 'CRP', 'Leucocytes', 'Release A')",1,0.09523809523809523
P391,"('ER Registration', 'ER Triage', 'ER Sepsis Triage', 'LacticAcid', 'CRP', 'Leucocytes', 'IV Antibiotics', 'Admission NC', 'CRP', 'CRP', 'Leucocytes', 'Release A', 'Return ER')",1,0.09523809523809523
P392,"('ER Registration', 'ER Triage', 'ER Sepsis Triage', 'LacticAcid', 'CRP', 'Leucocytes', 'IV Antibiotics', 'Admission NC', 'CRP', 'Leucocytes', 'Admission NC', 'CRP', 'CRP', 'Leucocytes', 'Release A', 'Return ER')",1,0.09523809523809523
P393,"('ER Registration', 'ER Triage', 'ER Sepsis Triage', 'LacticAcid', 'CRP', 'Leucocytes', 'IV Antibiotics', 'Admission NC', 'CRP', 'Leucocytes', 'Admission NC', 'CRP', 'Leucocytes', 'Leucocytes', 'CRP', 'Leucocytes', 'CRP', 'Release A')",1,0.09523809523809523
P394,"('ER Registration', 'ER Triage', 'ER Sepsis Triage', 'LacticAcid', 'CRP', 'Leucocytes', 'IV Antibiotics', 'Admission NC', 'CRP', 'Leucocytes', 'Admission NC', 'CRP', 'Leucocytes', 'Leucocytes', 'CRP', 'Release A', 'Return ER')",1,0.09523809523809523
P395,"('ER Registration', 'ER Triage', 'ER Sepsis Triage', 'LacticAcid', 'CRP', 'Leucocytes', 'IV Antibiotics', 'Admission NC', 'CRP', 'Leucocytes', 'Admission NC', 'Leucocytes', 'CRP', 'Release A')",1,0.09523809523809523
P396,"('ER Registration', 'ER Triage', 'ER Sepsis Triage', 'LacticAcid', 'CRP', 'Leucocytes', 'IV Antibiotics', 'Admission NC', 'CRP', 'Leucocytes', 'CRP', 'Leucocytes', 'Leucocytes', 'CRP', 'Leucocytes', 'CRP', 'CRP', 'Leucocytes', 'Leucocytes', 'CRP', 'Leucocytes', 'CRP', 'CRP', 'CRP', 'Leucocytes', 'Release A', 'Return ER')",1,0.09523809523809523
P397,"('ER Registration', 'ER Triage', 'ER Sepsis Triage', 'LacticAcid', 'CRP', 'Leucocytes', 'IV Antibiotics', 'Admission NC', 'IV Liquid', 'CRP', 'Leucocytes', 'CRP', 'Leucocytes', 'Release A')",1,0.09523809523809523
P398,"('ER Registration', 'ER Triage', 'ER Sepsis Triage', 'LacticAcid', 'CRP', 'Leucocytes', 'IV Antibiotics', 'Admission NC', 'IV Liquid', 'CRP', 'Leucocytes', 'Release A')",1,0.09523809523809523
P399,"('ER Registration', 'ER Triage', 'ER Sepsis Triage', 'LacticAcid', 'CRP', 'Leucocytes', 'IV Antibiotics', 'Admission NC', 'LacticAcid', 'IV Liquid', 'Leucocytes', 'CRP', 'Release A')",1,0.09523809523809523
P400,"('ER Registration', 'ER Triage', 'ER Sepsis Triage', 'LacticAcid', 'CRP', 'Leucocytes', 'IV Antibiotics', 'Admission NC', 'Leucocytes', 'CRP', 'Admission NC', 'CRP', 'Leucocytes', 'CRP', 'Release A')",1,0.09523809523809523
P401,"('ER Registration', 'ER Triage', 'ER Sepsis Triage', 'LacticAcid', 'CRP', 'Leucocytes', 'IV Antibiotics', 'Admission NC', 'Leucocytes', 'CRP', 'Admission NC', 'IV Liquid', 'CRP', 'Leucocytes', 'Release A', 'Return ER')",1,0.09523809523809523
P402,"('ER Registration', 'ER Triage', 'ER Sepsis Triage', 'LacticAcid', 'CRP', 'Leucocytes', 'IV Antibiotics', 'Admission NC', 'Leucocytes', 'CRP', 'Admission NC', 'Leucocytes', 'CRP', 'Leucocytes', 'CRP', 'Leucocytes', 'CRP', 'CRP', 'Leucocytes', 'CRP', 'Leucocytes', 'Leucocytes', 'CRP', 'Release A')",1,0.09523809523809523
P403,"('ER Registration', 'ER Triage', 'ER Sepsis Triage', 'LacticAcid', 'CRP', 'Leucocytes', 'IV Antibiotics', 'Admission NC', 'Leucocytes', 'Release A')",1,0.09523809523809523
P404,"('ER Registration', 'ER Triage', 'ER Sepsis Triage', 'LacticAcid', 'CRP', 'Leucocytes', 'IV Antibiotics', 'IV Liquid', 'Admission NC', 'Admission NC', 'Leucocytes', 'CRP', 'Release A', 'Return ER')",1,0.09523809523809523
P405,"('ER Registration', 'ER Triage', 'ER Sepsis Triage', 'LacticAcid', 'CRP', 'Leucocytes', 'IV Antibiotics', 'IV Liquid', 'Admission NC', 'CRP', 'Leucocytes', 'Leucocytes', 'CRP', 'Leucocytes', 'CRP', 'Release A', 'Return ER')",1,0.09523809523809523
P406,"('ER Registration', 'ER Triage', 'ER Sepsis Triage', 'LacticAcid', 'CRP', 'Leucocytes', 'IV Antibiotics', 'IV Liquid', 'Admission NC', 'Leucocytes', 'CRP', 'Leucocytes', 'Leucocytes', 'CRP', 'CRP', 'Leucocytes', 'Leucocytes', 'Release A', 'Return ER')",1,0.09523809523809523
P407,"('ER Registration', 'ER Triage', 'ER Sepsis Triage', 'LacticAcid', 'CRP', 'Leucocytes', 'IV Antibiotics', 'IV Liquid', 'Admission NC', 'Release A')",1,0.09523809523809523
P408,"('ER Registration', 'ER Triage', 'ER Sepsis Triage', 'LacticAcid', 'CRP', 'Leucocytes', 'IV Antibiotics', 'IV Liquid', 'Admission NC', 'Release A', 'Return ER')",1,0.09523809523809523
P409,"('ER Registration', 'ER Triage', 'ER Sepsis Triage', 'LacticAcid', 'CRP', 'Leucocytes', 'IV Antibiotics', 'Leucocytes', 'CRP', 'IV Liquid')",1,0.09523809523809523
P410,"('ER Registration', 'ER Triage', 'ER Sepsis Triage', 'LacticAcid', 'CRP', 'Leucocytes', 'IV Liquid', 'IV Antibiotics', 'Admission IC', 'LacticAcid', 'Leucocytes', 'CRP', 'Admission NC', 'Leucocytes', 'CRP', 'Release A')",1,0.09523809523809523
P411,"('ER Registration', 'ER Triage', 'ER Sepsis Triage', 'LacticAcid', 'CRP', 'Leucocytes', 'IV Liquid', 'IV Antibiotics', 'Admission IC', 'Leucocytes', 'CRP', 'LacticAcid', 'LacticAcid', 'CRP', 'Leucocytes', 'CRP', 'LacticAcid', 'Leucocytes', 'Release A')",1,0.09523809523809523
P412,"('ER Registration', 'ER Triage', 'ER Sepsis Triage', 'LacticAcid', 'CRP', 'Leucocytes', 'IV Liquid', 'IV Antibiotics', 'Admission IC', 'Leucocytes', 'LacticAcid', 'CRP', 'Admission NC', 'Release A')",1,0.09523809523809523
P413,"('ER Registration', 'ER Triage', 'ER Sepsis Triage', 'LacticAcid', 'CRP', 'Leucocytes', 'IV Liquid', 'IV Antibiotics', 'Admission NC')",1,0.09523809523809523
P414,"('ER Registration', 'ER Triage', 'ER Sepsis Triage', 'LacticAcid', 'CRP', 'Leucocytes', 'IV Liquid', 'IV Antibiotics', 'Admission NC', 'Admission IC', 'Leucocytes', 'LacticAcid', 'CRP', 'LacticAcid', 'Leucocytes', 'CRP', 'Leucocytes', 'CRP', 'LacticAcid', 'CRP', 'LacticAcid', 'Leucocytes', 'Admission NC', 'CRP', 'Leucocytes', 'Leucocytes', 'CRP', 'Release A', 'Return ER')",1,0.09523809523809523
P415,"('ER Registration', 'ER Triage', 'ER Sepsis Triage', 'LacticAcid', 'CRP', 'Leucocytes', 'IV Liquid', 'IV Antibiotics', 'Admission NC', 'Admission NC', 'CRP', 'Leucocytes', 'CRP', 'Leucocytes', 'Release A', 'Return ER')",1,0.09523809523809523
P416,"('ER Registration', 'ER Triage', 'ER Sepsis Triage', 'LacticAcid', 'CRP', 'Leucocytes', 'IV Liquid', 'IV Antibiotics', 'Admission NC', 'Admission NC', 'CRP', 'Leucocytes', 'Release A')",1,0.09523809523809523
P417,"('ER Registration', 'ER Triage', 'ER Sepsis Triage', 'LacticAcid', 'CRP', 'Leucocytes', 'IV Liquid', 'IV Antibiotics', 'Admission NC', 'Admission NC', 'LacticAcid', 'CRP', 'Leucocytes', 'Leucocytes', 'CRP', 'Leucocytes', 'CRP', 'Release A')",1,0.09523809523809523
P418,"('ER Registration', 'ER Triage', 'ER Sepsis Triage', 'LacticAcid', 'CRP', 'Leucocytes', 'IV Liquid', 'IV Antibiotics', 'Admission NC', 'Admission NC', 'Release A')",1,0.09523809523809523
P419,"('ER Registration', 'ER Triage', 'ER Sepsis Triage', 'LacticAcid', 'CRP', 'Leucocytes', 'IV Liquid', 'IV Antibiotics', 'Admission NC', 'CRP', 'CRP', 'Release A')",1,0.09523809523809523
P420,"('ER Registration', 'ER Triage', 'ER Sepsis Triage', 'LacticAcid', 'CRP', 'Leucocytes', 'IV Liquid', 'IV Antibiotics', 'Admission NC', 'CRP', 'Leucocytes', 'Admission NC', 'Leucocytes', 'CRP', 'Leucocytes', 'CRP', 'Leucocytes', 'CRP', 'CRP', 'Leucocytes', 'Release A')",1,0.09523809523809523
P421,"('ER Registration', 'ER Triage', 'ER Sepsis Triage', 'LacticAcid', 'CRP', 'Leucocytes', 'IV Liquid', 'IV Antibiotics', 'Admission NC', 'CRP', 'Leucocytes', 'CRP', 'Admission NC', 'CRP', 'Leucocytes', 'CRP', 'CRP', 'Leucocytes', 'Leucocytes', 'Leucocytes', 'CRP', 'CRP', 'Leucocytes', 'CRP', 'CRP', 'Leucocytes', 'Leucocytes', 'Release A')",1,0.09523809523809523
P422,"('ER Registration', 'ER Triage', 'ER Sepsis Triage', 'LacticAcid', 'CRP', 'Leucocytes', 'IV Liquid', 'IV Antibiotics', 'Admission NC', 'CRP', 'Leucocytes', 'CRP', 'Leucocytes', 'Release A')",1,0.09523809523809523
P423,"('ER Registration', 'ER Triage', 'ER Sepsis Triage', 'LacticAcid', 'CRP', 'Leucocytes', 'IV Liquid', 'IV Antibiotics', 'Admission NC', 'CRP', 'Leucocytes', 'CRP', 'Leucocytes', 'Release A', 'Return ER')",1,0.09523809523809523
P424,"('ER Registration', 'ER Triage', 'ER Sepsis Triage', 'LacticAcid', 'CRP', 'Leucocytes', 'IV Liquid', 'IV Antibiotics', 'Admission NC', 'CRP', 'Leucocytes', 'Leucocytes', 'CRP', 'CRP', 'Leucocytes', 'Release A', 'Return ER')",1,0.09523809523809523
P425,"('ER Registration', 'ER Triage', 'ER Sepsis Triage', 'LacticAcid', 'CRP', 'Leucocytes', 'IV Liquid', 'IV Antibiotics', 'Admission NC', 'CRP', 'Leucocytes', 'Leucocytes', 'CRP', 'Release A', 'Return ER')",1,0.09523809523809523
P426,"('ER Registration', 'ER Triage', 'ER Sepsis Triage', 'LacticAcid', 'CRP', 'Leucocytes', 'IV Liquid', 'IV Antibiotics', 'Admission NC', 'LacticAcid', 'Leucocytes', 'CRP', 'Leucocytes', 'CRP', 'CRP', 'Leucocytes', 'CRP', 'Leucocytes', 'CRP', 'Leucocytes', 'CRP', 'CRP', 'Leucocytes', 'Leucocytes', 'CRP', 'Leucocytes', 'CRP', 'Admission NC', 'Admission NC', 'Release B')",1,0.09523809523809523
P427,"('ER Registration', 'ER Triage', 'ER Sepsis Triage', 'LacticAcid', 'CRP', 'Leucocytes', 'IV Liquid', 'IV Antibiotics', 'Admission NC', 'Leucocytes', 'CRP')",1,0.09523809523809523
P428,"('ER Registration', 'ER Triage', 'ER Sepsis Triage', 'LacticAcid', 'CRP', 'Leucocytes', 'IV Liquid', 'IV Antibiotics', 'Admission NC', 'Leucocytes', 'CRP', 'CRP', 'Leucocytes', 'Admission NC', 'CRP', 'Leucocytes', 'CRP', 'Admission NC', 'Admission NC', 'CRP', 'CRP', 'Leucocytes', 'CRP', 'Leucocytes', 'CRP', 'CRP', 'Leucocytes', 'CRP', 'CRP', 'Admission NC', 'Release D')",1,0.09523809523809523
P429,"('ER Registration', 'ER Triage', 'ER Sepsis Triage', 'LacticAcid', 'CRP', 'Leucocytes', 'IV Liquid', 'IV Antibiotics', 'Admission NC', 'Leucocytes', 'CRP', 'CRP', 'Leucocytes', 'Leucocytes', 'CRP', 'Release A', 'Return ER')",1,0.09523809523809523
P430,"('ER Registration', 'ER Triage', 'ER Sepsis Triage', 'LacticAcid', 'CRP', 'Leucocytes', 'IV Liquid', 'IV Antibiotics', 'Admission NC', 'Leucocytes', 'CRP', 'Leucocytes', 'CRP', 'Leucocytes', 'Release A')",1,0.09523809523809523
P431,"('ER Registration', 'ER Triage', 'ER Sepsis Triage', 'LacticAcid', 'CRP', 'Leucocytes', 'IV Liquid', 'IV Antibiotics', 'Admission NC', 'Leucocytes', 'CRP', 'Leucocytes', 'CRP', 'Release A', 'Return ER')",1,0.09523809523809523
P432,"('CRP', 'Leucocytes', 'ER Registration', 'ER Triage', 'ER Sepsis Triage', 'Admission NC', 'CRP', 'CRP', 'Release A')",1,0.09523809523809523
P433,"('ER Registration', 'ER Triage', 'ER Sepsis Triage', 'LacticAcid', 'CRP', 'Leucocytes', 'IV Liquid', 'IV Antibiotics', 'Admission NC', 'Leucocytes', 'CRP', 'Release A', 'Return ER')",1,0.09523809523809523
P434,"('CRP', 'Leucocytes', 'ER Registration', 'ER Triage', 'ER Sepsis Triage', 'Admission NC', 'CRP', 'Leucocytes', 'Admission IC', 'Leucocytes', 'CRP', 'LacticAcid', 'Leucocytes', 'Leucocytes', 'Admission IC', 'Leucocytes', 'CRP', 'LacticAcid', 'Leucocytes', 'Leucocytes', 'Leucocytes', 'LacticAcid', 'CRP', 'Leucocytes', 'LacticAcid', 'Leucocytes', 'CRP', 'CRP', 'LacticAcid', 'Leucocytes', 'Admission NC', 'Release A', 'Return ER')",1,0.09523809523809523
P435,"('ER Registration', 'ER Triage', 'ER Sepsis Triage', 'LacticAcid', 'CRP', 'Leucocytes', 'IV Liquid', 'IV Antibiotics', 'Admission NC', 'Release A', 'Return ER')",1,0.09523809523809523
P436,"('ER Registration', 'ER Triage', 'ER Sepsis Triage', 'LacticAcid', 'CRP', 'Leucocytes', 'IV Liquid', 'IV Antibiotics', 'CRP', 'LacticAcid', 'Leucocytes', 'Admission IC', 'LacticAcid', 'Leucocytes', 'CRP', 'Leucocytes', 'CRP', 'LacticAcid', 'Leucocytes', 'CRP', 'LacticAcid', 'LacticAcid', 'Leucocytes', 'CRP', 'CRP', 'LacticAcid', 'Leucocytes', 'Leucocytes', 'CRP', 'LacticAcid', 'Leucocytes', 'CRP', 'LacticAcid', 'Admission NC', 'Leucocytes', 'Leucocytes', 'CRP', 'Leucocytes', 'Leucocytes', 'CRP', 'Leucocytes', 'Leucocytes', 'CRP', 'Release D', 'Return ER')",1,0.09523809523809523
P437,"('CRP', 'Leucocytes', 'ER Registration', 'ER Triage', 'ER Sepsis Triage', 'LacticAcid', 'CRP', 'Leucocytes', 'IV Liquid', 'IV Antibiotics', 'Admission NC', 'Release B')",1,0.09523809523809523
P438,"('ER Registration', 'ER Triage', 'ER Sepsis Triage', 'LacticAcid', 'Leucocytes', 'CRP', 'Admission NC')",1,0.09523809523809523
P439,"('ER Registration', 'ER Triage', 'ER Sepsis Triage', 'LacticAcid', 'Leucocytes', 'CRP', 'Admission NC', 'Admission NC', 'CRP', 'Leucocytes', 'Release A')",1,0.09523809523809523
P440,"('ER Registration', 'ER Triage', 'ER Sepsis Triage', 'LacticAcid', 'Leucocytes', 'CRP', 'Admission NC', 'Admission NC', 'CRP', 'Leucocytes', 'Release A', 'Return ER')",1,0.09523809523809523
P441,"('ER Registration', 'ER Triage', 'ER Sepsis Triage', 'LacticAcid', 'Leucocytes', 'CRP', 'Admission NC', 'Admission NC', 'IV Antibiotics', 'IV Liquid', 'CRP', 'Leucocytes', 'CRP', 'Leucocytes', 'CRP', 'CRP', 'Leucocytes', 'Admission NC', 'Admission IC', 'LacticAcid', 'Leucocytes', 'CRP', 'CRP', 'Leucocytes', 'LacticAcid', 'Admission NC', 'Release A')",1,0.09523809523809523
P442,"('ER Registration', 'ER Triage', 'ER Sepsis Triage', 'LacticAcid', 'Leucocytes', 'CRP', 'Admission NC', 'Admission NC', 'Release A')",1,0.09523809523809523
P443,"('ER Registration', 'ER Triage', 'ER Sepsis Triage', 'LacticAcid', 'Leucocytes', 'CRP', 'Admission NC', 'CRP', 'Leucocytes', 'CRP', 'Leucocytes', 'CRP', 'Leucocytes', 'CRP', 'Release A', 'Return ER')",1,0.09523809523809523
P444,"('ER Registration', 'ER Triage', 'ER Sepsis Triage', 'LacticAcid', 'Leucocytes', 'CRP', 'Admission NC', 'CRP', 'Leucocytes', 'CRP', 'Leucocytes', 'Leucocytes', 'CRP', 'Release A')",1,0.09523809523809523
P445,"('ER Registration', 'ER Triage', 'ER Sepsis Triage', 'LacticAcid', 'Leucocytes', 'CRP', 'Admission NC', 'CRP', 'Leucocytes', 'Release A')",1,0.09523809523809523
P446,"('ER Registration', 'ER Triage', 'ER Sepsis Triage', 'LacticAcid', 'Leucocytes', 'CRP', 'Admission NC', 'Leucocytes', 'CRP', 'Leucocytes', 'CRP', 'Leucocytes', 'CRP', 'CRP', 'Leucocytes', 'Leucocytes', 'CRP', 'CRP', 'Leucocytes', 'CRP', 'LacticAcid', 'CRP', 'Leucocytes', 'CRP', 'CRP', 'CRP', 'CRP', 'Leucocytes', 'CRP', 'Leucocytes', 'CRP', 'Release A', 'Return ER')",1,0.09523809523809523
P447,"('ER Registration', 'ER Triage', 'ER Sepsis Triage', 'LacticAcid', 'Leucocytes', 'CRP', 'IV Antibiotics', 'Admission IC', 'CRP', 'Leucocytes', 'LacticAcid', 'Leucocytes', 'CRP', 'LacticAcid', 'Admission NC', 'Admission NC', 'Leucocytes', 'CRP', 'CRP', 'Leucocytes', 'Release A')",1,0.09523809523809523
P448,"('ER Registration', 'ER Triage', 'ER Sepsis Triage', 'LacticAcid', 'Leucocytes', 'CRP', 'IV Antibiotics', 'Admission IC', 'LacticAcid', 'Leucocytes', 'CRP', 'Leucocytes', 'CRP', 'LacticAcid', 'Leucocytes', 'CRP', 'LacticAcid', 'CRP', 'Leucocytes', 'LacticAcid', 'CRP', 'Leucocytes', 'LacticAcid', 'LacticAcid', 'Leucocytes', 'CRP', 'Leucocytes', 'CRP', 'LacticAcid', 'Admission NC', 'CRP', 'Leucocytes', 'CRP', 'Leucocytes', 'Leucocytes', 'Admission NC', 'Release A')",1,0.09523809523809523
P449,"('ER Registration', 'ER Triage', 'ER Sepsis Triage', 'LacticAcid', 'Leucocytes', 'CRP', 'IV Antibiotics', 'Admission NC', 'Admission NC', 'CRP', 'Leucocytes', 'CRP', 'Leucocytes', 'Release A', 'Return ER')",1,0.09523809523809523
P450,"('ER Registration', 'ER Triage', 'ER Sepsis Triage', 'LacticAcid', 'Leucocytes', 'CRP', 'IV Antibiotics', 'Admission NC', 'CRP', 'Leucocytes', 'Admission NC', 'Leucocytes', 'CRP', 'CRP', 'Release A')",1,0.09523809523809523
P451,"('ER Registration', 'ER Triage', 'ER Sepsis Triage', 'LacticAcid', 'Leucocytes', 'CRP', 'IV Antibiotics', 'Admission NC', 'CRP', 'Leucocytes', 'CRP', 'Leucocytes', 'CRP', 'Leucocytes', 'CRP', 'Leucocytes', 'CRP', 'CRP', 'Leucocytes', 'Release A', 'Return ER', 'CRP', 'Leucocytes', 'LacticAcid')",1,0.09523809523809523
P452,"('ER Registration', 'ER Triage', 'ER Sepsis Triage', 'LacticAcid', 'Leucocytes', 'CRP', 'IV Antibiotics', 'Admission NC', 'CRP', 'Release A')",1,0.09523809523809523
P453,"('ER Registration', 'ER Triage', 'ER Sepsis Triage', 'LacticAcid', 'Leucocytes', 'CRP', 'IV Antibiotics', 'Admission NC', 'Leucocytes', 'CRP', 'Release A')",1,0.09523809523809523
P454,"('ER Registration', 'ER Triage', 'ER Sepsis Triage', 'LacticAcid', 'Leucocytes', 'CRP', 'IV Antibiotics', 'IV Liquid')",1,0.09523809523809523
P455,"('ER Registration', 'ER Triage', 'ER Sepsis Triage', 'LacticAcid', 'Leucocytes', 'CRP', 'IV Antibiotics', 'IV Liquid', 'Admission NC', 'Admission IC', 'LacticAcid', 'CRP', 'Leucocytes', 'CRP', 'Leucocytes', 'LacticAcid', 'CRP', 'Leucocytes', 'LacticAcid', 'Admission NC', 'CRP', 'Leucocytes', 'CRP', 'Leucocytes', 'CRP', 'Leucocytes', 'Release A', 'Return ER')",1,0.09523809523809523
P456,"('ER Registration', 'ER Triage', 'ER Sepsis Triage', 'LacticAcid', 'Leucocytes', 'CRP', 'IV Antibiotics', 'IV Liquid', 'Admission NC', 'CRP', 'Leucocytes', 'CRP', 'Release A')",1,0.09523809523809523
P457,"('ER Registration', 'ER Triage', 'ER Sepsis Triage', 'LacticAcid', 'Leucocytes', 'CRP', 'IV Antibiotics', 'IV Liquid', 'Admission NC', 'CRP', 'Leucocytes', 'Leucocytes', 'Release A', 'Return ER')",1,0.09523809523809523
P458,"('ER Registration', 'ER Triage', 'ER Sepsis Triage', 'LacticAcid', 'Leucocytes', 'CRP', 'IV Antibiotics', 'IV Liquid', 'Admission NC', 'Leucocytes', 'CRP')",1,0.09523809523809523
P459,"('ER Registration', 'ER Triage', 'ER Sepsis Triage', 'LacticAcid', 'Leucocytes', 'CRP', 'IV Antibiotics', 'IV Liquid', 'Admission NC', 'Leucocytes', 'Leucocytes', 'CRP', 'Leucocytes', 'Leucocytes', 'CRP', 'Leucocytes', 'CRP', 'CRP', 'Leucocytes', 'Leucocytes', 'CRP', 'Release A')",1,0.09523809523809523
P460,"('CRP', 'Leucocytes', 'ER Registration', 'ER Triage', 'ER Sepsis Triage', 'LacticAcid', 'Leucocytes', 'CRP', 'IV Liquid', 'IV Antibiotics', 'Admission NC', 'CRP', 'Leucocytes', 'Release A')",1,0.09523809523809523
P461,"('ER Registration', 'ER Triage', 'ER Sepsis Triage', 'LacticAcid', 'Leucocytes', 'CRP', 'IV Liquid', 'IV Antibiotics', 'Admission IC', 'LacticAcid', 'LacticAcid', 'Leucocytes', 'LacticAcid', 'CRP', 'LacticAcid', 'Leucocytes', 'LacticAcid', 'LacticAcid', 'Leucocytes', 'CRP', 'LacticAcid', 'LacticAcid', 'CRP', 'LacticAcid', 'Leucocytes', 'Leucocytes', 'CRP', 'LacticAcid', 'Leucocytes', 'CRP', 'LacticAcid', 'Admission NC', 'Release A', 'Return ER')",1,0.09523809523809523
P462,"('ER Registration', 'ER Triage', 'ER Sepsis Triage', 'LacticAcid', 'Leucocytes', 'CRP', 'IV Liquid', 'IV Antibiotics', 'Admission IC', 'Leucocytes', 'LacticAcid', 'CRP', 'Admission NC', 'Leucocytes', 'CRP', 'Leucocytes', 'CRP', 'Leucocytes', 'CRP', 'Leucocytes', 'CRP', 'Leucocytes', 'Leucocytes', 'Leucocytes', 'Leucocytes', 'Leucocytes', 'Leucocytes', 'Leucocytes', 'Leucocytes', 'Leucocytes', 'CRP', 'Leucocytes', 'Leucocytes', 'Leucocytes', 'Leucocytes', 'Leucocytes', 'Leucocytes', 'Leucocytes', 'CRP', 'Leucocytes', 'Leucocytes', 'CRP', 'Release A')",1,0.09523809523809523
P463,"('ER Registration', 'ER Triage', 'ER Sepsis Triage', 'LacticAcid', 'Leucocytes', 'CRP', 'IV Liquid', 'IV Antibiotics', 'Admission IC', 'Leucocytes', 'LacticAcid', 'CRP', 'Admission NC', 'Leucocytes', 'CRP', 'Release A')",1,0.09523809523809523
P464,"('ER Registration', 'ER Triage', 'ER Sepsis Triage', 'LacticAcid', 'Leucocytes', 'CRP', 'IV Liquid', 'IV Antibiotics', 'Admission IC', 'Leucocytes', 'LacticAcid', 'CRP', 'Leucocytes', 'CRP', 'LacticAcid', 'LacticAcid', 'LacticAcid', 'CRP', 'Leucocytes', 'Admission NC', 'Leucocytes', 'CRP', 'Leucocytes', 'CRP', 'CRP', 'Leucocytes', 'CRP', 'Release A', 'Return ER')",1,0.09523809523809523
P465,"('ER Registration', 'ER Triage', 'ER Sepsis Triage', 'LacticAcid', 'Leucocytes', 'CRP', 'IV Liquid', 'IV Antibiotics', 'Admission NC', 'Admission NC', 'CRP', 'CRP', 'CRP', 'Release A', 'Return ER')",1,0.09523809523809523
P466,"('ER Registration', 'ER Triage', 'ER Sepsis Triage', 'LacticAcid', 'Leucocytes', 'CRP', 'IV Liquid', 'IV Antibiotics', 'Admission NC', 'Admission NC', 'CRP', 'Leucocytes', 'CRP', 'Admission IC', 'LacticAcid', 'CRP', 'Leucocytes', 'LacticAcid', 'Admission NC', 'Admission NC', 'CRP', 'Leucocytes', 'CRP', 'Leucocytes', 'CRP', 'Leucocytes', 'CRP', 'Leucocytes', 'CRP', 'Leucocytes', 'CRP', 'Leucocytes', 'CRP', 'Release A', 'Return ER')",1,0.09523809523809523
P467,"('ER Registration', 'ER Triage', 'ER Sepsis Triage', 'LacticAcid', 'Leucocytes', 'CRP', 'IV Liquid', 'IV Antibiotics', 'Admission NC', 'Admission NC', 'CRP', 'Leucocytes', 'Leucocytes', 'CRP', 'Leucocytes', 'CRP', 'Leucocytes', 'CRP', 'CRP', 'Leucocytes', 'CRP', 'CRP', 'Leucocytes', 'Release A', 'Return ER')",1,0.09523809523809523
P468,"('ER Registration', 'ER Triage', 'ER Sepsis Triage', 'LacticAcid', 'Leucocytes', 'CRP', 'IV Liquid', 'IV Antibiotics', 'Admission NC', 'Admission NC', 'CRP', 'Release A', 'Return ER')",1,0.09523809523809523
P469,"('ER Registration', 'ER Triage', 'ER Sepsis Triage', 'LacticAcid', 'Leucocytes', 'CRP', 'IV Liquid', 'IV Antibiotics', 'Admission NC', 'Admission NC', 'Leucocytes', 'CRP', 'CRP', 'Leucocytes', 'Release A', 'Return ER')",1,0.09523809523809523
P470,"('ER Registration', 'ER Triage', 'ER Sepsis Triage', 'LacticAcid', 'Leucocytes', 'CRP', 'IV Liquid', 'IV Antibiotics', 'Admission NC', 'Admission NC', 'Leucocytes', 'CRP', 'Leucocytes', 'CRP', 'Release A', 'Return ER')",1,0.09523809523809523
P471,"('ER Registration', 'ER Triage', 'ER Sepsis Triage', 'LacticAcid', 'Leucocytes', 'CRP', 'IV Liquid', 'IV Antibiotics', 'Admission NC', 'Admission NC', 'Leucocytes', 'CRP', 'Release A')",1,0.09523809523809523
P472,"('ER Registration', 'ER Triage', 'ER Sepsis Triage', 'LacticAcid', 'Leucocytes', 'CRP', 'IV Liquid', 'IV Antibiotics', 'Admission NC', 'Admission NC', 'Leucocytes', 'CRP', 'Release A', 'Return ER')",1,0.09523809523809523
P473,"('ER Registration', 'ER Triage', 'ER Sepsis Triage', 'LacticAcid', 'Leucocytes', 'CRP', 'IV Liquid', 'IV Antibiotics', 'Admission NC', 'CRP', 'CRP', 'Leucocytes', 'CRP', 'Leucocytes', 'Release A', 'Return ER')",1,0.09523809523809523
P474,"('ER Registration', 'ER Triage', 'ER Sepsis Triage', 'LacticAcid', 'Leucocytes', 'CRP', 'IV Liquid', 'IV Antibiotics', 'Admission NC', 'CRP', 'Leucocytes', 'Admission NC', 'CRP', 'Leucocytes', 'Leucocytes', 'CRP', 'CRP', 'Release A')",1,0.09523809523809523
P475,"('ER Registration', 'ER Triage', 'ER Sepsis Triage', 'LacticAcid', 'Leucocytes', 'CRP', 'IV Liquid', 'IV Antibiotics', 'Admission NC', 'CRP', 'Leucocytes', 'Admission NC', 'Leucocytes', 'CRP', 'CRP', 'Leucocytes', 'Release A')",1,0.09523809523809523
P476,"('ER Registration', 'ER Triage', 'ER Sepsis Triage', 'LacticAcid', 'Leucocytes', 'CRP', 'IV Liquid', 'IV Antibiotics', 'Admission NC', 'CRP', 'Leucocytes', 'Leucocytes', 'CRP', 'Leucocytes', 'CRP', 'CRP', 'Leucocytes', 'Leucocytes', 'CRP', 'Release A')",1,0.09523809523809523
P477,"('ER Registration', 'ER Triage', 'ER Sepsis Triage', 'LacticAcid', 'Leucocytes', 'CRP', 'IV Liquid', 'IV Antibiotics', 'Admission NC', 'CRP', 'Leucocytes', 'Leucocytes', 'CRP', 'Leucocytes', 'CRP', 'Leucocytes', 'Leucocytes', 'CRP', 'Leucocytes', 'Leucocytes', 'CRP', 'Release A', 'Return ER')",1,0.09523809523809523
P478,"('ER Registration', 'ER Triage', 'ER Sepsis Triage', 'LacticAcid', 'Leucocytes', 'CRP', 'IV Liquid', 'IV Antibiotics', 'Admission NC', 'CRP', 'Leucocytes', 'Leucocytes', 'CRP', 'Leucocytes', 'CRP', 'Leucocytes', 'Release A')",1,0.09523809523809523
P479,"('CRP', 'Leucocytes', 'ER Registration', 'ER Triage', 'ER Sepsis Triage', 'Leucocytes', 'CRP', 'IV Liquid', 'IV Antibiotics')",1,0.09523809523809523
P480,"('ER Registration', 'ER Triage', 'ER Sepsis Triage', 'LacticAcid', 'Leucocytes', 'CRP', 'IV Liquid', 'IV Antibiotics', 'Admission NC', 'CRP', 'Leucocytes', 'Leucocytes', 'CRP', 'Release A', 'Return ER')",1,0.09523809523809523
P481,"('CRP', 'Leucocytes', 'ER Registration', 'ER Triage', 'Leucocytes', 'CRP', 'ER Sepsis Triage', 'IV Liquid', 'IV Antibiotics')",1,0.09523809523809523
P482,"('ER Registration', 'ER Triage', 'ER Sepsis Triage', 'LacticAcid', 'Leucocytes', 'CRP', 'IV Liquid', 'IV Antibiotics', 'Admission NC', 'LacticAcid', 'Admission NC', 'LacticAcid', 'Leucocytes', 'CRP', 'LacticAcid', 'CRP', 'Release A')",1,0.09523809523809523
P483,"('ER Registration', 'ER Triage', 'ER Sepsis Triage', 'LacticAcid', 'Leucocytes', 'CRP', 'IV Liquid', 'IV Antibiotics', 'Admission NC', 'LacticAcid', 'CRP', 'Leucocytes', 'Admission NC', 'CRP', 'LacticAcid', 'Leucocytes', 'Leucocytes', 'CRP', 'CRP', 'Release A', 'Return ER')",1,0.09523809523809523
P484,"('ER Registration', 'ER Triage', 'ER Sepsis Triage', 'LacticAcid', 'Leucocytes', 'CRP', 'IV Liquid', 'IV Antibiotics', 'Admission NC', 'LacticAcid', 'Release A')",1,0.09523809523809523
P485,"('ER Registration', 'ER Triage', 'ER Sepsis Triage', 'LacticAcid', 'Leucocytes', 'CRP', 'IV Liquid', 'IV Antibiotics', 'Admission NC', 'Leucocytes', 'Admission NC', 'Leucocytes', 'Release A')",1,0.09523809523809523
P486,"('ER Registration', 'ER Triage', 'ER Sepsis Triage', 'LacticAcid', 'Leucocytes', 'CRP', 'IV Liquid', 'IV Antibiotics', 'Admission NC', 'Leucocytes', 'CRP', 'Admission NC', 'CRP', 'Leucocytes', 'Release A')",1,0.09523809523809523
P487,"('ER Registration', 'ER Triage', 'ER Sepsis Triage', 'LacticAcid', 'Leucocytes', 'CRP', 'IV Liquid', 'IV Antibiotics', 'Admission NC', 'Leucocytes', 'CRP', 'Admission NC', 'Leucocytes', 'CRP', 'LacticAcid', 'CRP', 'Leucocytes', 'Admission NC', 'Leucocytes', 'Admission IC', 'CRP', 'LacticAcid', 'Leucocytes', 'Leucocytes', 'Leucocytes', 'CRP', 'LacticAcid', 'Leucocytes', 'Admission NC', 'Leucocytes', 'CRP', 'Leucocytes', 'Leucocytes', 'Leucocytes', 'Leucocytes', 'CRP', 'Leucocytes', 'CRP', 'Leucocytes', 'Release D', 'Return ER')",1,0.09523809523809523
P488,"('ER Registration', 'ER Triage', 'ER Sepsis Triage', 'LacticAcid', 'Leucocytes', 'CRP', 'IV Liquid', 'IV Antibiotics', 'Admission NC', 'Leucocytes', 'CRP', 'Admission NC', 'Leucocytes', 'CRP', 'Leucocytes', 'CRP', 'Leucocytes', 'CRP', 'Leucocytes', 'CRP', 'Leucocytes', 'CRP', 'Release A')",1,0.09523809523809523
P489,"('CRP', 'Leucocytes', 'ER Registration', 'Leucocytes', 'CRP', 'ER Triage', 'ER Sepsis Triage')",1,0.09523809523809523
P490,"('ER Registration', 'ER Triage', 'ER Sepsis Triage', 'LacticAcid', 'Leucocytes', 'CRP', 'IV Liquid', 'IV Antibiotics', 'Admission NC', 'Leucocytes', 'CRP', 'Leucocytes', 'CRP', 'Leucocytes', 'CRP', 'Leucocytes', 'CRP', 'Release A')",1,0.09523809523809523
P491,"('ER Registration', 'ER Triage', 'ER Sepsis Triage', 'LacticAcid', 'Leucocytes', 'CRP', 'IV Liquid', 'IV Antibiotics', 'Admission NC', 'Leucocytes', 'CRP', 'Leucocytes', 'CRP', 'Release A', 'Return ER')",1,0.09523809523809523
P492,"('ER Registration', 'ER Triage', 'ER Sepsis Triage', 'LacticAcid', 'Leucocytes', 'CRP', 'IV Liquid', 'IV Antibiotics', 'Admission NC', 'Leucocytes', 'CRP', 'Release A')",1,0.09523809523809523
P493,"('CRP', 'Leucocytes', 'LacticAcid', 'ER Registration', 'ER Triage', 'ER Sepsis Triage', 'IV Antibiotics', 'IV Liquid')",1,0.09523809523809523
P494,"('ER Registration', 'ER Triage', 'ER Sepsis Triage', 'LacticAcid', 'Leucocytes', 'CRP', 'IV Liquid', 'IV Antibiotics', 'Admission NC', 'Leucocytes', 'Leucocytes', 'CRP', 'Leucocytes', 'CRP', 'Leucocytes', 'CRP', 'Leucocytes', 'CRP', 'Release A', 'Return ER')",1,0.09523809523809523
P495,"('ER Registration', 'ER Triage', 'ER Sepsis Triage', 'LacticAcid', 'Leucocytes', 'CRP', 'IV Liquid', 'IV Antibiotics', 'Admission NC', 'Leucocytes', 'Leucocytes', 'Leucocytes', 'CRP', 'Release A')",1,0.09523809523809523
P496,"('ER Registration', 'ER Triage', 'ER Sepsis Triage', 'LacticAcid', 'Leucocytes', 'CRP', 'IV Liquid', 'IV Antibiotics', 'Admission NC', 'Leucocytes', 'Leucocytes', 'Release A', 'Return ER')",1,0.09523809523809523
P497,"('ER Registration', 'CRP', 'LacticAcid', 'Leucocytes', 'ER Triage', 'ER Sepsis Triage', 'IV Liquid', 'IV Antibiotics', 'Admission NC', 'Admission NC', 'Admission NC', 'Release A', 'Return ER')",1,0.09523809523809523
P498,"('ER Registration', 'ER Triage', 'ER Sepsis Triage', 'Leucocytes')",1,0.09523809523809523
P499,"('ER Registration', 'ER Triage', 'ER Sepsis Triage', 'Leucocytes', 'Admission NC', 'Leucocytes', 'Leucocytes', 'Leucocytes', 'CRP', 'Leucocytes', 'Leucocytes', 'Leucocytes', 'Leucocytes', 'Leucocytes', 'Leucocytes', 'CRP', 'Leucocytes', 'Release A')",1,0.09523809523809523
P500,"('ER Registration', 'ER Triage', 'ER Sepsis Triage', 'Leucocytes', 'Admission NC', 'Leucocytes', 'Leucocytes', 'Leucocytes', 'Leucocytes', 'CRP', 'Release B')",1,0.09523809523809523
P501,"('ER Registration', 'ER Triage', 'ER Sepsis Triage', 'Leucocytes', 'Admission NC', 'Leucocytes', 'Release A')",1,0.09523809523809523
P502,"('ER Registration', 'CRP', 'LacticAcid', 'Leucocytes', 'ER Triage', 'ER Sepsis Triage', 'IV Liquid', 'IV Antibiotics', 'Admission NC', 'Admission NC', 'Leucocytes', 'CRP', 'CRP', 'Leucocytes', 'Release A')",1,0.09523809523809523
P503,"('ER Registration', 'ER Triage', 'ER Sepsis Triage', 'Leucocytes', 'Admission NC', 'Release A', 'Return ER')",1,0.09523809523809523
P504,"('ER Registration', 'CRP', 'LacticAcid', 'Leucocytes', 'ER Triage', 'ER Sepsis Triage', 'IV Liquid', 'IV Antibiotics', 'Admission NC', 'Leucocytes', 'CRP', 'Release A')",1,0.09523809523809523
P505,"('ER Registration', 'ER Triage', 'ER Sepsis Triage', 'Leucocytes', 'CRP', 'Admission IC', 'CRP', 'Leucocytes', 'LacticAcid', 'Leucocytes', 'Leucocytes', 'Leucocytes', 'Leucocytes', 'LacticAcid', 'LacticAcid', 'Leucocytes', 'CRP', 'Leucocytes', 'LacticAcid', 'Leucocytes', 'CRP', 'LacticAcid', 'Release B')",1,0.09523809523809523
P506,"('ER Registration', 'ER Triage', 'ER Sepsis Triage', 'Leucocytes', 'CRP', 'Admission IC', 'Leucocytes', 'Leucocytes', 'Leucocytes', 'CRP', 'CRP', 'Release B')",1,0.09523809523809523
P507,"('ER Registration', 'ER Triage', 'ER Sepsis Triage', 'Leucocytes', 'CRP', 'Admission NC')",1,0.09523809523809523
P508,"('ER Registration', 'ER Triage', 'ER Sepsis Triage', 'Leucocytes', 'CRP', 'Admission NC', 'Admission IC', 'Leucocytes', 'CRP', 'LacticAcid', 'CRP', 'LacticAcid', 'Leucocytes', 'Leucocytes', 'CRP', 'LacticAcid', 'Admission NC', 'Release A', 'Return ER')",1,0.09523809523809523
P509,"('ER Registration', 'ER Triage', 'ER Sepsis Triage', 'Leucocytes', 'CRP', 'Admission NC', 'Admission NC', 'CRP', 'Leucocytes', 'CRP', 'Leucocytes', 'CRP', 'Release A')",1,0.09523809523809523
P510,"('ER Registration', 'ER Triage', 'ER Sepsis Triage', 'Leucocytes', 'CRP', 'Admission NC', 'Admission NC', 'Leucocytes', 'CRP', 'CRP', 'Leucocytes', 'Leucocytes', 'Leucocytes', 'CRP', 'Release A')",1,0.09523809523809523
P511,"('ER Registration', 'ER Triage', 'ER Sepsis Triage', 'Leucocytes', 'CRP', 'Admission NC', 'Admission NC', 'Leucocytes', 'CRP', 'Release A')",1,0.09523809523809523
P512,"('ER Registration', 'ER Triage', 'ER Sepsis Triage', 'Leucocytes', 'CRP', 'Admission NC', 'Admission NC', 'Release A', 'Return ER')",1,0.09523809523809523
P513,"('ER Registration', 'ER Triage', 'ER Sepsis Triage', 'Leucocytes', 'CRP', 'Admission NC', 'CRP', 'CRP', 'Leucocytes', 'CRP', 'Leucocytes', 'Leucocytes', 'CRP', 'Leucocytes', 'CRP', 'Release A')",1,0.09523809523809523
P514,"('ER Registration', 'ER Triage', 'ER Sepsis Triage', 'Leucocytes', 'CRP', 'Admission NC', 'CRP', 'Leucocytes', 'Admission NC', 'CRP', 'Leucocytes', 'Leucocytes', 'CRP', 'CRP', 'Leucocytes', 'Release B')",1,0.09523809523809523
P515,"('ER Registration', 'ER Triage', 'ER Sepsis Triage', 'Leucocytes', 'CRP', 'Admission NC', 'CRP', 'Leucocytes', 'CRP', 'Release A')",1,0.09523809523809523
P516,"('ER Registration', 'ER Triage', 'ER Sepsis Triage', 'Leucocytes', 'CRP', 'Admission NC', 'CRP', 'Leucocytes', 'Release A')",1,0.09523809523809523
P517,"('ER Registration', 'ER Triage', 'ER Sepsis Triage', 'Leucocytes', 'CRP', 'Admission NC', 'CRP', 'Release A')",1,0.09523809523809523
P518,"('ER Registration', 'ER Triage', 'ER Sepsis Triage', 'Leucocytes', 'CRP', 'Admission NC', 'Leucocytes', 'Admission NC', 'Leucocytes', 'Leucocytes', 'Leucocytes', 'Leucocytes', 'Leucocytes', 'Leucocytes', 'Leucocytes', 'Leucocytes', 'CRP', 'Leucocytes', 'Leucocytes', 'Leucocytes', 'Leucocytes', 'Leucocytes', 'Release E')",1,0.09523809523809523
P519,"('ER Registration', 'ER Triage', 'ER Sepsis Triage', 'Leucocytes', 'CRP', 'Admission NC', 'Leucocytes', 'CRP', 'Leucocytes', 'CRP', 'CRP', 'Leucocytes', 'CRP', 'Leucocytes', 'Leucocytes', 'CRP', 'CRP', 'Leucocytes', 'Release D')",1,0.09523809523809523
P520,"('ER Registration', 'ER Triage', 'ER Sepsis Triage', 'Leucocytes', 'CRP', 'Admission NC', 'Leucocytes', 'CRP', 'Leucocytes', 'Leucocytes', 'Leucocytes', 'Leucocytes', 'Leucocytes', 'LacticAcid', 'CRP', 'Leucocytes', 'Release A', 'Return ER')",1,0.09523809523809523
P521,"('ER Registration', 'ER Triage', 'ER Sepsis Triage', 'Leucocytes', 'CRP', 'Admission NC', 'Leucocytes', 'CRP', 'Release A')",1,0.09523809523809523
P522,"('ER Registration', 'CRP', 'LacticAcid', 'Leucocytes', 'IV Liquid', 'ER Triage', 'ER Sepsis Triage', 'IV Antibiotics')",1,0.09523809523809523
P523,"('ER Registration', 'ER Triage', 'ER Sepsis Triage', 'Leucocytes', 'CRP', 'Admission NC', 'Leucocytes', 'Leucocytes', 'CRP', 'CRP', 'Leucocytes', 'Leucocytes', 'CRP', 'Leucocytes', 'CRP', 'Release A', 'Return ER')",1,0.09523809523809523
P524,"('ER Registration', 'ER Triage', 'ER Sepsis Triage', 'Leucocytes', 'CRP', 'Admission NC', 'Leucocytes', 'Release A', 'Return ER')",1,0.09523809523809523
P525,"('IV Liquid', 'ER Registration', 'ER Triage', 'ER Sepsis Triage', 'CRP', 'LacticAcid', 'Leucocytes', 'IV Antibiotics', 'Admission NC', 'CRP', 'CRP', 'Leucocytes', 'CRP', 'Leucocytes', 'CRP', 'Leucocytes', 'CRP', 'Release C')",1,0.09523809523809523
P526,"('ER Registration', 'ER Triage', 'ER Sepsis Triage', 'Leucocytes', 'CRP', 'Admission NC', 'Release A', 'Return ER')",1,0.09523809523809523
P527,"('ER Registration', 'ER Triage', 'ER Sepsis Triage', 'Leucocytes', 'CRP', 'ER Triage')",1,0.09523809523809523
P528,"('ER Registration', 'ER Triage', 'ER Sepsis Triage', 'Leucocytes', 'CRP', 'IV Antibiotics', 'Admission NC', 'Admission NC', 'Admission NC', 'CRP', 'Release A')",1,0.09523809523809523
P529,"('ER Registration', 'ER Triage', 'ER Sepsis Triage', 'Leucocytes', 'CRP', 'IV Antibiotics', 'Admission NC', 'CRP', 'CRP', 'CRP', 'CRP', 'Release A', 'Return ER')",1,0.09523809523809523
P530,"('ER Registration', 'ER Triage', 'ER Sepsis Triage', 'Leucocytes', 'CRP', 'IV Antibiotics', 'Admission NC', 'LacticAcid', 'Admission NC', 'Admission NC', 'IV Liquid', 'Leucocytes', 'CRP', 'CRP', 'Leucocytes', 'Release B')",1,0.09523809523809523
P531,"('ER Registration', 'ER Sepsis Triage', 'IV Antibiotics', 'ER Triage', 'CRP', 'Leucocytes', 'LacticAcid', 'IV Liquid', 'Admission NC', 'CRP', 'Leucocytes', 'Admission NC', 'Release A')",1,0.09523809523809523
P532,"('ER Registration', 'ER Triage', 'ER Sepsis Triage', 'Leucocytes', 'CRP', 'IV Antibiotics', 'IV Liquid', 'Admission NC', 'Leucocytes', 'Leucocytes', 'Leucocytes', 'Release B')",1,0.09523809523809523
P533,"('ER Registration', 'ER Triage', 'ER Sepsis Triage', 'Leucocytes', 'CRP', 'IV Antibiotics', 'Leucocytes', 'CRP')",1,0.09523809523809523
P534,"('ER Registration', 'ER Triage', 'ER Sepsis Triage', 'Leucocytes', 'CRP', 'IV Liquid', 'IV Antibiotics')",1,0.09523809523809523
P535,"('ER Registration', 'ER Triage', 'ER Sepsis Triage', 'Leucocytes', 'CRP', 'IV Liquid', 'IV Antibiotics', 'Admission NC', 'Admission NC', 'CRP', 'Leucocytes', 'Leucocytes', 'CRP', 'CRP', 'Leucocytes', 'CRP', 'Leucocytes', 'CRP', 'Leucocytes', 'CRP', 'Leucocytes', 'CRP', 'CRP', 'Leucocytes', 'CRP', 'CRP', 'Leucocytes', 'Release A')",1,0.09523809523809523
P536,"('ER Registration', 'ER Triage', 'ER Sepsis Triage', 'Leucocytes', 'CRP', 'IV Liquid', 'IV Antibiotics', 'Admission NC', 'Admission NC', 'Leucocytes', 'CRP', 'Leucocytes', 'CRP', 'Release A')",1,0.09523809523809523
P537,"('ER Registration', 'ER Triage', 'ER Sepsis Triage', 'Leucocytes', 'CRP', 'IV Liquid', 'IV Antibiotics', 'Admission NC', 'Admission NC', 'Release B')",1,0.09523809523809523
P538,"('ER Registration', 'ER Triage', 'ER Sepsis Triage', 'Leucocytes', 'CRP', 'IV Liquid', 'IV Antibiotics', 'Admission NC', 'CRP', 'Leucocytes', 'CRP', 'Leucocytes', 'CRP', 'Leucocytes', 'Release A')",1,0.09523809523809523
P539,"('ER Registration', 'ER Triage', 'ER Sepsis Triage', 'Leucocytes', 'CRP', 'IV Liquid', 'IV Antibiotics', 'Admission NC', 'Leucocytes', 'CRP', 'Admission NC', 'CRP', 'CRP', 'Release A')",1,0.09523809523809523
P540,"('ER Registration', 'ER Triage', 'ER Sepsis Triage', 'Leucocytes', 'CRP', 'IV Liquid', 'IV Antibiotics', 'Admission NC', 'Leucocytes', 'Leucocytes', 'Leucocytes', 'Leucocytes', 'Leucocytes', 'Release A', 'Return ER')",1,0.09523809523809523
P541,"('CRP', 'ER Registration', 'ER Triage', 'ER Sepsis Triage', 'IV Liquid', 'LacticAcid', 'Leucocytes', 'CRP', 'IV Antibiotics', 'Admission NC', 'Admission IC', 'Leucocytes', 'LacticAcid', 'CRP', 'LacticAcid', 'CRP', 'Leucocytes', 'Admission NC', 'Leucocytes', 'CRP', 'Leucocytes', 'CRP', 'Release A')",1,0.09523809523809523
P542,"('ER Registration', 'ER Triage', 'ER Sepsis Triage', 'Leucocytes', 'CRP', 'LacticAcid', 'Admission NC', 'Admission NC', 'Release A')",1,0.09523809523809523
P543,"('ER Registration', 'ER Triage', 'ER Sepsis Triage', 'Leucocytes', 'CRP', 'LacticAcid', 'Admission NC', 'CRP', 'Release A')",1,0.09523809523809523
P544,"('ER Registration', 'ER Triage', 'ER Sepsis Triage', 'Leucocytes', 'CRP', 'LacticAcid', 'Admission NC', 'Leucocytes', 'CRP', 'Admission NC', 'CRP', 'Leucocytes', 'Leucocytes', 'CRP', 'Leucocytes', 'CRP', 'Release A', 'Return ER')",1,0.09523809523809523
P545,"('ER Registration', 'ER Triage', 'ER Sepsis Triage', 'Leucocytes', 'CRP', 'LacticAcid', 'Admission NC', 'Leucocytes', 'CRP', 'Admission NC', 'Release A')",1,0.09523809523809523
P546,"('ER Registration', 'ER Triage', 'ER Sepsis Triage', 'Leucocytes', 'CRP', 'LacticAcid', 'Admission NC', 'Leucocytes', 'CRP', 'LacticAcid')",1,0.09523809523809523
P547,"('ER Registration', 'ER Triage', 'ER Sepsis Triage', 'Leucocytes', 'CRP', 'LacticAcid', 'Admission NC', 'Release A')",1,0.09523809523809523
P548,"('ER Registration', 'CRP', 'Leucocytes', 'ER Triage', 'ER Sepsis Triage', 'IV Antibiotics')",1,0.09523809523809523
P549,"('ER Registration', 'ER Triage', 'ER Sepsis Triage', 'Leucocytes', 'CRP', 'LacticAcid', 'IV Antibiotics', 'Admission IC', 'CRP', 'Leucocytes', 'LacticAcid', 'LacticAcid', 'Leucocytes', 'Leucocytes', 'CRP', 'LacticAcid', 'Leucocytes', 'CRP', 'LacticAcid', 'LacticAcid', 'Leucocytes', 'CRP', 'Admission NC', 'CRP', 'Leucocytes', 'CRP', 'CRP', 'Leucocytes', 'CRP', 'Release A')",1,0.09523809523809523
P550,"('ER Registration', 'ER Triage', 'ER Sepsis Triage', 'Leucocytes', 'CRP', 'LacticAcid', 'IV Antibiotics', 'Admission NC', 'Admission NC', 'CRP', 'Leucocytes', 'Release A', 'Return ER')",1,0.09523809523809523
P551,"('ER Registration', 'ER Triage', 'ER Sepsis Triage', 'Leucocytes', 'CRP', 'LacticAcid', 'IV Antibiotics', 'Admission NC', 'Admission NC', 'IV Liquid', 'CRP', 'Leucocytes', 'Admission NC', 'Leucocytes', 'CRP', 'Release A', 'Return ER')",1,0.09523809523809523
P552,"('ER Registration', 'ER Triage', 'ER Sepsis Triage', 'Leucocytes', 'CRP', 'LacticAcid', 'IV Antibiotics', 'Admission NC', 'CRP', 'Leucocytes', 'Admission IC', 'Leucocytes', 'CRP', 'LacticAcid', 'Leucocytes', 'CRP', 'LacticAcid', 'LacticAcid', 'CRP', 'Leucocytes', 'Leucocytes', 'CRP', 'LacticAcid', 'CRP', 'LacticAcid', 'Leucocytes', 'LacticAcid', 'CRP', 'Leucocytes', 'LacticAcid', 'Leucocytes', 'CRP', 'Leucocytes', 'LacticAcid', 'CRP', 'Admission NC', 'Release A')",1,0.09523809523809523
P553,"('ER Registration', 'ER Triage', 'ER Sepsis Triage', 'Leucocytes', 'CRP', 'LacticAcid', 'IV Antibiotics', 'Admission NC', 'CRP', 'Leucocytes', 'Leucocytes', 'CRP', 'Release A', 'Return ER')",1,0.09523809523809523
P554,"('ER Registration', 'ER Triage', 'ER Sepsis Triage', 'Leucocytes', 'CRP', 'LacticAcid', 'IV Antibiotics', 'Admission NC', 'IV Liquid', 'Leucocytes', 'CRP', 'CRP', 'Leucocytes', 'Admission NC', 'Admission NC', 'Release A', 'Return ER')",1,0.09523809523809523
P555,"('ER Registration', 'ER Triage', 'ER Sepsis Triage', 'Leucocytes', 'CRP', 'LacticAcid', 'IV Antibiotics', 'Admission NC', 'IV Liquid', 'Leucocytes', 'CRP', 'CRP', 'Leucocytes', 'Release A')",1,0.09523809523809523
P556,"('ER Registration', 'ER Triage', 'ER Sepsis Triage', 'Leucocytes', 'CRP', 'LacticAcid', 'IV Antibiotics', 'Admission NC', 'LacticAcid', 'Release A')",1,0.09523809523809523
P557,"('ER Registration', 'ER Triage', 'ER Sepsis Triage', 'Leucocytes', 'CRP', 'LacticAcid', 'IV Antibiotics', 'Admission NC', 'Leucocytes', 'CRP', 'IV Liquid', 'Release A', 'Return ER')",1,0.09523809523809523
P558,"('ER Registration', 'ER Triage', 'ER Sepsis Triage', 'Leucocytes', 'CRP', 'LacticAcid', 'IV Antibiotics', 'Admission NC', 'Leucocytes', 'CRP', 'LacticAcid', 'Admission NC', 'IV Liquid', 'CRP', 'Leucocytes', 'Release A', 'Return ER')",1,0.09523809523809523
P559,"('ER Registration', 'ER Triage', 'ER Sepsis Triage', 'Leucocytes', 'CRP', 'LacticAcid', 'IV Antibiotics', 'Admission NC', 'Leucocytes', 'CRP', 'Release A')",1,0.09523809523809523
P560,"('ER Registration', 'ER Triage', 'ER Sepsis Triage', 'Leucocytes', 'CRP', 'LacticAcid', 'IV Antibiotics', 'IV Liquid', 'Admission IC', 'CRP', 'LacticAcid', 'Leucocytes', 'LacticAcid', 'LacticAcid', 'LacticAcid', 'CRP', 'LacticAcid', 'Leucocytes', 'LacticAcid', 'LacticAcid', 'LacticAcid', 'LacticAcid', 'LacticAcid', 'Leucocytes', 'CRP', 'Admission NC', 'CRP', 'Leucocytes', 'Leucocytes', 'CRP', 'Release A')",1,0.09523809523809523
P561,"('ER Registration', 'ER Triage', 'ER Sepsis Triage', 'Leucocytes', 'CRP', 'LacticAcid', 'IV Antibiotics', 'IV Liquid', 'Admission IC', 'CRP', 'Leucocytes', 'LacticAcid', 'Leucocytes', 'LacticAcid', 'LacticAcid', 'CRP', 'Leucocytes', 'Leucocytes', 'CRP', 'LacticAcid', 'Leucocytes', 'LacticAcid', 'CRP', 'LacticAcid', 'Leucocytes', 'CRP', 'Admission NC', 'Leucocytes', 'CRP', 'Leucocytes', 'Leucocytes', 'CRP', 'Leucocytes', 'CRP', 'Leucocytes', 'Release A')",1,0.09523809523809523
P562,"('ER Registration', 'ER Triage', 'ER Sepsis Triage', 'Leucocytes', 'CRP', 'LacticAcid', 'IV Antibiotics', 'IV Liquid', 'Admission NC', 'Admission NC', 'Leucocytes', 'CRP', 'CRP', 'Leucocytes', 'Release A', 'Return ER')",1,0.09523809523809523
P563,"('ER Registration', 'ER Triage', 'ER Sepsis Triage', 'Leucocytes', 'CRP', 'LacticAcid', 'IV Antibiotics', 'IV Liquid', 'Admission NC', 'Admission NC', 'Leucocytes', 'CRP', 'Leucocytes', 'CRP', 'Leucocytes', 'Release A')",1,0.09523809523809523
P564,"('ER Registration', 'ER Triage', 'ER Sepsis Triage', 'Leucocytes', 'CRP', 'LacticAcid', 'IV Antibiotics', 'IV Liquid', 'Admission NC', 'Admission NC', 'Release B')",1,0.09523809523809523
P565,"('ER Registration', 'ER Triage', 'ER Sepsis Triage', 'Leucocytes', 'CRP', 'LacticAcid', 'IV Antibiotics', 'IV Liquid', 'Admission NC', 'CRP', 'Leucocytes', 'Release A')",1,0.09523809523809523
P566,"('ER Registration', 'ER Triage', 'ER Sepsis Triage', 'Leucocytes', 'CRP', 'LacticAcid', 'IV Antibiotics', 'IV Liquid', 'Admission NC', 'Leucocytes', 'Admission NC', 'CRP', 'Leucocytes', 'Release A', 'Return ER')",1,0.09523809523809523
P567,"('ER Registration', 'ER Triage', 'ER Sepsis Triage', 'Leucocytes', 'CRP', 'LacticAcid', 'IV Antibiotics', 'IV Liquid', 'Admission NC', 'Leucocytes', 'CRP', 'Leucocytes', 'CRP', 'Release A')",1,0.09523809523809523
P568,"('ER Registration', 'ER Triage', 'ER Sepsis Triage', 'Leucocytes', 'CRP', 'LacticAcid', 'IV Antibiotics', 'IV Liquid', 'Admission NC', 'Leucocytes', 'Release A')",1,0.09523809523809523
P569,"('ER Registration', 'ER Triage', 'ER Sepsis Triage', 'Leucocytes', 'CRP', 'LacticAcid', 'IV Antibiotics', 'IV Liquid', 'Admission NC', 'Release A')",1,0.09523809523809523
P570,"('ER Registration', 'CRP', 'Leucocytes', 'ER Triage', 'ER Sepsis Triage', 'IV Antibiotics', 'Admission NC', 'Release A')",1,0.09523809523809523
P571,"('ER Registration', 'ER Triage', 'ER Sepsis Triage', 'Leucocytes', 'CRP', 'LacticAcid', 'IV Liquid', 'IV Antibiotics', 'Admission IC', 'LacticAcid', 'Leucocytes', 'CRP', 'LacticAcid', 'CRP', 'LacticAcid', 'Leucocytes', 'Admission NC', 'CRP', 'Leucocytes', 'CRP', 'Release A')",1,0.09523809523809523
P572,"('ER Registration', 'ER Triage', 'ER Sepsis Triage', 'Leucocytes', 'CRP', 'LacticAcid', 'IV Liquid', 'IV Antibiotics', 'Admission IC', 'LacticAcid', 'Leucocytes', 'CRP', 'Leucocytes', 'CRP', 'LacticAcid', 'Admission NC', 'Leucocytes', 'CRP', 'CRP', 'Leucocytes', 'Leucocytes', 'Leucocytes', 'CRP', 'Leucocytes', 'CRP', 'Release A', 'Return ER')",1,0.09523809523809523
P573,"('ER Registration', 'ER Triage', 'ER Sepsis Triage', 'Leucocytes', 'CRP', 'LacticAcid', 'IV Liquid', 'IV Antibiotics', 'Admission IC', 'Leucocytes', 'CRP', 'LacticAcid', 'Admission NC', 'Leucocytes', 'CRP', 'Release A')",1,0.09523809523809523
P574,"('ER Registration', 'ER Triage', 'ER Sepsis Triage', 'Leucocytes', 'CRP', 'LacticAcid', 'IV Liquid', 'IV Antibiotics', 'Admission IC', 'Leucocytes', 'CRP', 'LacticAcid', 'CRP', 'LacticAcid', 'Leucocytes', 'LacticAcid', 'Leucocytes', 'CRP', 'Leucocytes', 'CRP', 'LacticAcid', 'Leucocytes', 'CRP', 'LacticAcid', 'Leucocytes', 'LacticAcid', 'CRP', 'Leucocytes', 'LacticAcid', 'Leucocytes', 'CRP', 'Leucocytes', 'CRP', 'LacticAcid', 'Admission NC', 'Leucocytes', 'CRP', 'CRP', 'Leucocytes', 'CRP', 'Leucocytes', 'Leucocytes', 'Leucocytes', 'Leucocytes', 'CRP', 'CRP', 'Leucocytes', 'CRP', 'Leucocytes', 'Leucocytes', 'CRP', 'CRP', 'Leucocytes', 'CRP', 'Leucocytes', 'Leucocytes', 'CRP', 'Release A', 'Return ER')",1,0.09523809523809523
P575,"('ER Registration', 'ER Triage', 'ER Sepsis Triage', 'Leucocytes', 'CRP', 'LacticAcid', 'IV Liquid', 'IV Antibiotics', 'Admission NC', 'Admission IC', 'CRP', 'LacticAcid', 'Leucocytes', 'CRP', 'LacticAcid', 'Leucocytes', 'Admission NC', 'CRP', 'Leucocytes', 'Release A')",1,0.09523809523809523
P576,"('ER Registration', 'ER Triage', 'ER Sepsis Triage', 'Leucocytes', 'CRP', 'LacticAcid', 'IV Liquid', 'IV Antibiotics', 'Admission NC', 'Admission IC', 'LacticAcid', 'Leucocytes', 'CRP', 'Admission NC', 'Leucocytes', 'CRP', 'Leucocytes', 'Release A', 'Return ER')",1,0.09523809523809523
P577,"('ER Registration', 'ER Triage', 'ER Sepsis Triage', 'Leucocytes', 'CRP', 'LacticAcid', 'IV Liquid', 'IV Antibiotics', 'Admission NC', 'Admission IC', 'Leucocytes', 'CRP', 'LacticAcid', 'LacticAcid', 'Leucocytes', 'CRP', 'Leucocytes', 'CRP', 'LacticAcid', 'CRP', 'LacticAcid', 'Leucocytes', 'CRP', 'LacticAcid', 'Leucocytes', 'Leucocytes', 'CRP', 'LacticAcid', 'CRP', 'LacticAcid', 'Leucocytes', 'LacticAcid', 'CRP', 'Leucocytes', 'CRP', 'LacticAcid', 'Leucocytes', 'LacticAcid', 'Leucocytes', 'CRP', 'LacticAcid', 'Leucocytes', 'CRP', 'CRP', 'Leucocytes', 'LacticAcid', 'LacticAcid', 'CRP', 'Leucocytes', 'Leucocytes', 'CRP', 'LacticAcid', 'Admission NC', 'CRP', 'Leucocytes', 'Admission NC', 'Admission NC', 'Leucocytes', 'Admission NC', 'Release A', 'Return ER')",1,0.09523809523809523
P578,"('ER Registration', 'ER Triage', 'ER Sepsis Triage', 'Leucocytes', 'CRP', 'LacticAcid', 'IV Liquid', 'IV Antibiotics', 'Admission NC', 'Admission NC', 'Admission NC', 'CRP', 'Leucocytes', 'CRP', 'Leucocytes', 'Release A')",1,0.09523809523809523
P579,"('ER Registration', 'ER Triage', 'ER Sepsis Triage', 'Leucocytes', 'CRP', 'LacticAcid', 'IV Liquid', 'IV Antibiotics', 'Admission NC', 'Admission NC', 'CRP', 'Leucocytes', 'Admission IC', 'CRP', 'LacticAcid', 'Leucocytes', 'Leucocytes', 'LacticAcid', 'CRP', 'Admission NC', 'CRP', 'Leucocytes', 'Admission NC', 'CRP', 'Leucocytes', 'Leucocytes', 'CRP', 'CRP', 'Leucocytes', 'CRP', 'Leucocytes', 'CRP', 'Release E')",1,0.09523809523809523
P580,"('ER Registration', 'ER Triage', 'ER Sepsis Triage', 'Leucocytes', 'CRP', 'LacticAcid', 'IV Liquid', 'IV Antibiotics', 'Admission NC', 'Admission NC', 'CRP', 'Leucocytes', 'LacticAcid', 'Leucocytes', 'CRP', 'Release A')",1,0.09523809523809523
P581,"('ER Registration', 'ER Triage', 'ER Sepsis Triage', 'Leucocytes', 'CRP', 'LacticAcid', 'IV Liquid', 'IV Antibiotics', 'Admission NC', 'Admission NC', 'CRP', 'Leucocytes', 'LacticAcid', 'Leucocytes', 'Leucocytes', 'CRP', 'CRP', 'Leucocytes', 'Leucocytes', 'CRP', 'Leucocytes', 'CRP', 'CRP', 'Leucocytes', 'Leucocytes', 'CRP', 'Release A')",1,0.09523809523809523
P582,"('ER Registration', 'ER Triage', 'ER Sepsis Triage', 'Leucocytes', 'CRP', 'LacticAcid', 'IV Liquid', 'IV Antibiotics', 'Admission NC', 'Admission NC', 'CRP', 'Leucocytes', 'Leucocytes', 'CRP', 'Leucocytes', 'Leucocytes', 'CRP', 'CRP', 'Leucocytes', 'CRP', 'Leucocytes', 'Leucocytes', 'Leucocytes', 'CRP', 'Leucocytes', 'CRP', 'CRP', 'Leucocytes', 'Release A', 'Return ER')",1,0.09523809523809523
P583,"('ER Registration', 'ER Triage', 'ER Sepsis Triage', 'Leucocytes', 'CRP', 'LacticAcid', 'IV Liquid', 'IV Antibiotics', 'Admission NC', 'Admission NC', 'Leucocytes', 'CRP', 'CRP', 'Release A', 'Return ER')",1,0.09523809523809523
P584,"('ER Registration', 'CRP', 'Leucocytes', 'ER Triage', 'ER Sepsis Triage', 'IV Liquid', 'IV Antibiotics', 'Admission IC', 'LacticAcid', 'CRP', 'Leucocytes', 'LacticAcid', 'LacticAcid', 'Leucocytes', 'CRP', 'CRP', 'Leucocytes', 'LacticAcid', 'Leucocytes', 'CRP', 'LacticAcid', 'CRP', 'LacticAcid', 'Leucocytes', 'Leucocytes', 'CRP', 'LacticAcid', 'Leucocytes', 'LacticAcid', 'CRP', 'CRP', 'LacticAcid', 'Leucocytes', 'Leucocytes', 'CRP', 'LacticAcid', 'CRP', 'Leucocytes', 'LacticAcid', 'CRP', 'Leucocytes', 'LacticAcid', 'LacticAcid', 'Leucocytes', 'CRP', 'LacticAcid', 'CRP', 'Leucocytes', 'Leucocytes', 'CRP', 'LacticAcid', 'LacticAcid', 'Leucocytes', 'CRP', 'CRP', 'Leucocytes', 'LacticAcid', 'Leucocytes', 'CRP', 'LacticAcid', 'CRP', 'LacticAcid', 'Leucocytes', 'LacticAcid', 'CRP', 'Leucocytes', 'Leucocytes', 'CRP', 'LacticAcid', 'LacticAcid', 'CRP', 'Leucocytes', 'LacticAcid', 'Leucocytes', 'CRP', 'Leucocytes', 'CRP', 'LacticAcid', 'Leucocytes', 'LacticAcid', 'CRP', 'CRP', 'Leucocytes', 'LacticAcid', 'CRP', 'LacticAcid', 'Leucocytes', 'Leucocytes', 'CRP', 'Leucocytes', 'LacticAcid', 'Leucocytes', 'CRP', 'LacticAcid', 'Leucocytes', 'LacticAcid', 'CRP', 'LacticAcid', 'Leucocytes', 'CRP', 'CRP', 'LacticAcid', 'Leucocytes', 'Leucocytes', 'CRP', 'LacticAcid', 'LacticAcid', 'LacticAcid', 'CRP', 'Leucocytes', 'Leucocytes', 'Leucocytes', 'CRP', 'LacticAcid', 'CRP', 'LacticAcid', 'Leucocytes', 'Release B')",1,0.09523809523809523
P585,"('ER Registration', 'CRP', 'Leucocytes', 'ER Triage', 'ER Sepsis Triage', 'LacticAcid', 'IV Liquid', 'IV Antibiotics', 'Admission NC', 'CRP', 'Leucocytes', 'Leucocytes', 'CRP', 'CRP', 'Leucocytes', 'Release A', 'Return ER')",1,0.09523809523809523
P586,"('ER Registration', 'ER Triage', 'ER Sepsis Triage', 'Leucocytes', 'CRP', 'LacticAcid', 'IV Liquid', 'IV Antibiotics', 'Admission NC', 'Admission NC', 'Leucocytes', 'Release A')",1,0.09523809523809523
P587,"('ER Registration', 'ER Triage', 'ER Sepsis Triage', 'Leucocytes', 'CRP', 'LacticAcid', 'IV Liquid', 'IV Antibiotics', 'Admission NC', 'Admission NC', 'Leucocytes', 'Release A', 'Return ER')",1,0.09523809523809523
P588,"('ER Registration', 'ER Triage', 'ER Sepsis Triage', 'Leucocytes', 'CRP', 'LacticAcid', 'IV Liquid', 'IV Antibiotics', 'Admission NC', 'CRP', 'Admission IC', 'CRP', 'Leucocytes', 'LacticAcid', 'LacticAcid', 'Leucocytes', 'CRP', 'Leucocytes', 'LacticAcid', 'CRP', 'CRP', 'Leucocytes', 'LacticAcid', 'LacticAcid', 'CRP', 'Leucocytes', 'Admission NC', 'Leucocytes', 'CRP', 'Admission NC', 'Leucocytes', 'CRP', 'CRP', 'Leucocytes', 'Release D', 'Return ER')",1,0.09523809523809523
P589,"('ER Registration', 'ER Triage', 'ER Sepsis Triage', 'Leucocytes', 'CRP', 'LacticAcid', 'IV Liquid', 'IV Antibiotics', 'Admission NC', 'CRP', 'Admission NC', 'CRP', 'Release A')",1,0.09523809523809523
P590,"('ER Registration', 'ER Triage', 'ER Sepsis Triage', 'Leucocytes', 'CRP', 'LacticAcid', 'IV Liquid', 'IV Antibiotics', 'Admission NC', 'CRP', 'CRP', 'Release A', 'Return ER')",1,0.09523809523809523
P591,"('ER Registration', 'ER Triage', 'ER Sepsis Triage', 'Leucocytes', 'CRP', 'LacticAcid', 'IV Liquid', 'IV Antibiotics', 'Admission NC', 'CRP', 'Leucocytes', 'Admission NC', 'Leucocytes', 'CRP', 'Release C')",1,0.09523809523809523
P592,"('ER Registration', 'CRP', 'Leucocytes', 'LacticAcid', 'ER Triage', 'ER Sepsis Triage', 'IV Antibiotics', 'Admission NC', 'Release A')",1,0.09523809523809523
P593,"('ER Registration', 'ER Triage', 'ER Sepsis Triage', 'Leucocytes', 'CRP', 'LacticAcid', 'IV Liquid', 'IV Antibiotics', 'Admission NC', 'CRP', 'Leucocytes', 'CRP', 'Leucocytes', 'Release A')",1,0.09523809523809523
P594,"('ER Registration', 'ER Triage', 'ER Sepsis Triage', 'Leucocytes', 'CRP', 'LacticAcid', 'IV Liquid', 'IV Antibiotics', 'Admission NC', 'CRP', 'Leucocytes', 'LacticAcid', 'CRP', 'Leucocytes', 'CRP', 'Leucocytes', 'Leucocytes', 'CRP', 'Leucocytes', 'CRP', 'Leucocytes', 'CRP', 'Leucocytes', 'CRP', 'Release A')",1,0.09523809523809523
P595,"('ER Registration', 'ER Triage', 'ER Sepsis Triage', 'Leucocytes', 'CRP', 'LacticAcid', 'IV Liquid', 'IV Antibiotics', 'Admission NC', 'CRP', 'Leucocytes', 'Leucocytes', 'CRP', 'Leucocytes', 'CRP', 'Leucocytes', 'CRP', 'Leucocytes', 'CRP', 'Leucocytes', 'CRP', 'Leucocytes', 'CRP', 'CRP', 'Leucocytes', 'Leucocytes', 'CRP', 'Release A', 'Return ER')",1,0.09523809523809523
P596,"('ER Registration', 'ER Triage', 'ER Sepsis Triage', 'Leucocytes', 'CRP', 'LacticAcid', 'IV Liquid', 'IV Antibiotics', 'Admission NC', 'CRP', 'Leucocytes', 'Leucocytes', 'CRP', 'Leucocytes', 'CRP', 'Release A', 'Return ER')",1,0.09523809523809523
P597,"('ER Registration', 'ER Triage', 'ER Sepsis Triage', 'Leucocytes', 'CRP', 'LacticAcid', 'IV Liquid', 'IV Antibiotics', 'Admission NC', 'CRP', 'Leucocytes', 'Leucocytes', 'CRP', 'Release A')",1,0.09523809523809523
P598,"('ER Registration', 'CRP', 'Leucocytes', 'LacticAcid', 'ER Triage', 'ER Sepsis Triage', 'IV Liquid', 'IV Antibiotics', 'Admission NC', 'CRP', 'Leucocytes', 'CRP', 'Leucocytes', 'Leucocytes', 'CRP', 'Release A')",1,0.09523809523809523
P599,"('ER Registration', 'ER Triage', 'ER Sepsis Triage', 'Leucocytes', 'CRP', 'LacticAcid', 'IV Liquid', 'IV Antibiotics', 'Admission NC', 'CRP', 'Leucocytes', 'Release A', 'Return ER')",1,0.09523809523809523
P600,"('ER Registration', 'CRP', 'Leucocytes', 'LacticAcid', 'ER Triage', 'ER Sepsis Triage', 'IV Liquid', 'IV Antibiotics', 'Admission NC', 'CRP', 'Leucocytes', 'CRP', 'Release A')",1,0.09523809523809523
P601,"('ER Registration', 'ER Triage', 'ER Sepsis Triage', 'Leucocytes', 'CRP', 'LacticAcid', 'IV Liquid', 'IV Antibiotics', 'Admission NC', 'LacticAcid', 'Admission NC', 'Admission NC', 'Admission NC', 'CRP', 'Leucocytes', 'CRP', 'Leucocytes', 'CRP', 'Leucocytes', 'Admission NC', 'Release A')",1,0.09523809523809523
P602,"('ER Registration', 'ER Triage', 'ER Sepsis Triage', 'Leucocytes', 'CRP', 'LacticAcid', 'IV Liquid', 'IV Antibiotics', 'Admission NC', 'LacticAcid', 'CRP', 'CRP', 'LacticAcid', 'Leucocytes', 'Leucocytes', 'CRP', 'Leucocytes', 'CRP', 'Release B')",1,0.09523809523809523
P603,"('ER Registration', 'ER Triage', 'ER Sepsis Triage', 'Leucocytes', 'CRP', 'LacticAcid', 'IV Liquid', 'IV Antibiotics', 'Admission NC', 'Leucocytes', 'Admission NC', 'CRP', 'Leucocytes', 'Release D')",1,0.09523809523809523
P604,"('ER Registration', 'ER Triage', 'ER Sepsis Triage', 'Leucocytes', 'CRP', 'LacticAcid', 'IV Liquid', 'IV Antibiotics', 'Admission NC', 'Leucocytes', 'Admission NC', 'Leucocytes', 'Leucocytes', 'CRP', 'CRP', 'CRP', 'Leucocytes', 'Leucocytes', 'Leucocytes', 'Leucocytes', 'Leucocytes', 'CRP', 'Admission NC', 'Admission NC', 'Leucocytes', 'Leucocytes', 'CRP', 'CRP', 'Leucocytes', 'CRP', 'Leucocytes', 'Release A', 'Return ER')",1,0.09523809523809523
P605,"('ER Registration', 'ER Triage', 'ER Sepsis Triage', 'Leucocytes', 'CRP', 'LacticAcid', 'IV Liquid', 'IV Antibiotics', 'Admission NC', 'Leucocytes', 'CRP')",1,0.09523809523809523
P606,"('ER Registration', 'ER Triage', 'ER Sepsis Triage', 'Leucocytes', 'CRP', 'LacticAcid', 'IV Liquid', 'IV Antibiotics', 'Admission NC', 'Leucocytes', 'CRP', 'Admission IC', 'Leucocytes', 'LacticAcid', 'CRP', 'Admission NC', 'Release A', 'Return ER')",1,0.09523809523809523
P607,"('ER Registration', 'ER Triage', 'ER Sepsis Triage', 'Leucocytes', 'CRP', 'LacticAcid', 'IV Liquid', 'IV Antibiotics', 'Admission NC', 'Leucocytes', 'CRP', 'Admission NC', 'CRP', 'Leucocytes', 'Release A')",1,0.09523809523809523
P608,"('ER Registration', 'ER Triage', 'ER Sepsis Triage', 'Leucocytes', 'CRP', 'LacticAcid', 'IV Liquid', 'IV Antibiotics', 'Admission NC', 'Leucocytes', 'CRP', 'Admission NC', 'Leucocytes', 'CRP', 'Admission NC', 'Release A')",1,0.09523809523809523
P609,"('ER Registration', 'ER Triage', 'ER Sepsis Triage', 'Leucocytes', 'CRP', 'LacticAcid', 'IV Liquid', 'IV Antibiotics', 'Admission NC', 'Leucocytes', 'CRP', 'Admission NC', 'Leucocytes', 'CRP', 'CRP', 'CRP', 'Leucocytes', 'Leucocytes', 'CRP', 'Leucocytes', 'Admission IC', 'Leucocytes', 'CRP', 'LacticAcid', 'Leucocytes', 'Leucocytes', 'Leucocytes', 'LacticAcid', 'Leucocytes', 'CRP', 'Leucocytes', 'Leucocytes', 'Leucocytes', 'Leucocytes', 'CRP', 'LacticAcid', 'Leucocytes', 'Leucocytes', 'CRP', 'LacticAcid', 'Admission NC', 'Leucocytes', 'CRP', 'Release A', 'Return ER')",1,0.09523809523809523
P610,"('ER Registration', 'CRP', 'Leucocytes', 'LacticAcid', 'ER Triage', 'ER Sepsis Triage', 'IV Liquid', 'IV Antibiotics', 'Admission NC', 'CRP', 'Leucocytes', 'Leucocytes', 'CRP', 'Release A', 'Return ER')",1,0.09523809523809523
P611,"('ER Registration', 'ER Triage', 'ER Sepsis Triage', 'Leucocytes', 'CRP', 'LacticAcid', 'IV Liquid', 'IV Antibiotics', 'Admission NC', 'Leucocytes', 'CRP', 'Admission NC', 'Release A', 'Return ER')",1,0.09523809523809523
P612,"('ER Registration', 'ER Triage', 'ER Sepsis Triage', 'Leucocytes', 'CRP', 'LacticAcid', 'IV Liquid', 'IV Antibiotics', 'Admission NC', 'Leucocytes', 'CRP', 'CRP', 'Leucocytes', 'Leucocytes', 'CRP', 'Leucocytes', 'Admission NC', 'CRP', 'Leucocytes', 'Leucocytes', 'Leucocytes', 'CRP', 'CRP', 'Leucocytes', 'Release A')",1,0.09523809523809523
P613,"('ER Registration', 'ER Triage', 'ER Sepsis Triage', 'Leucocytes', 'CRP', 'LacticAcid', 'IV Liquid', 'IV Antibiotics', 'Admission NC', 'Leucocytes', 'CRP', 'CRP', 'Leucocytes', 'Leucocytes', 'CRP', 'Release A')",1,0.09523809523809523
P614,"('ER Registration', 'CRP', 'Leucocytes', 'LacticAcid', 'ER Triage', 'ER Sepsis Triage', 'IV Liquid', 'IV Antibiotics', 'Admission NC', 'CRP', 'Leucocytes', 'Release A')",1,0.09523809523809523
P615,"('ER Registration', 'ER Triage', 'ER Sepsis Triage', 'Leucocytes', 'CRP', 'LacticAcid', 'IV Liquid', 'IV Antibiotics', 'Admission NC', 'Leucocytes', 'CRP', 'CRP', 'Release A')",1,0.09523809523809523
P616,"('ER Registration', 'ER Triage', 'ER Sepsis Triage', 'Leucocytes', 'CRP', 'LacticAcid', 'IV Liquid', 'IV Antibiotics', 'Admission NC', 'Leucocytes', 'CRP', 'Leucocytes', 'CRP', 'CRP', 'Leucocytes', 'Leucocytes', 'CRP', 'Leucocytes', 'CRP', 'Leucocytes', 'CRP', 'Release A', 'Leucocytes', 'Return ER')",1,0.09523809523809523
P617,"('ER Registration', 'ER Sepsis Triage', 'ER Triage', 'CRP', 'Leucocytes', 'IV Liquid', 'IV Antibiotics', 'LacticAcid', 'Admission IC', 'Leucocytes', 'CRP', 'Leucocytes', 'LacticAcid', 'Leucocytes', 'CRP', 'LacticAcid', 'Leucocytes')",1,0.09523809523809523
P618,"('ER Registration', 'ER Sepsis Triage', 'ER Triage', 'CRP', 'Leucocytes', 'LacticAcid', 'LacticAcid', 'IV Liquid', 'IV Antibiotics', 'Admission IC', 'LacticAcid', 'Leucocytes', 'CRP', 'LacticAcid', 'CRP', 'LacticAcid', 'Leucocytes', 'Admission NC', 'Leucocytes', 'CRP', 'Leucocytes', 'Leucocytes', 'CRP', 'Leucocytes', 'CRP', 'Leucocytes', 'CRP', 'Leucocytes', 'CRP', 'Leucocytes', 'CRP', 'Leucocytes', 'Leucocytes', 'CRP', 'Leucocytes', 'CRP', 'Release A')",1,0.09523809523809523
P619,"('ER Registration', 'ER Triage', 'ER Sepsis Triage', 'Leucocytes', 'CRP', 'LacticAcid', 'IV Liquid', 'IV Antibiotics', 'Admission NC', 'Leucocytes', 'Leucocytes', 'CRP', 'CRP', 'Leucocytes', 'CRP', 'Leucocytes', 'Leucocytes', 'CRP', 'Leucocytes', 'CRP', 'Leucocytes', 'CRP', 'Release A')",1,0.09523809523809523
P620,"('ER Registration', 'ER Triage', 'ER Sepsis Triage', 'Leucocytes', 'CRP', 'LacticAcid', 'IV Liquid', 'IV Antibiotics', 'Admission NC', 'Leucocytes', 'Leucocytes', 'Leucocytes', 'CRP', 'Release A', 'Return ER')",1,0.09523809523809523
P621,"('ER Registration', 'ER Sepsis Triage', 'ER Triage', 'IV Antibiotics', 'Leucocytes', 'CRP', 'IV Liquid', 'Admission NC', 'CRP', 'Leucocytes', 'CRP', 'Leucocytes', 'CRP', 'CRP', 'Leucocytes', 'Release A')",1,0.09523809523809523
P622,"('ER Registration', 'ER Triage', 'ER Sepsis Triage', 'Leucocytes', 'CRP', 'LacticAcid', 'IV Liquid', 'IV Antibiotics', 'CRP', 'Leucocytes')",1,0.09523809523809523
P623,"('ER Registration', 'ER Triage', 'ER Sepsis Triage', 'Leucocytes', 'CRP', 'LacticAcid', 'IV Liquid', 'IV Antibiotics', 'Leucocytes', 'Admission NC', 'CRP', 'Leucocytes', 'Release A', 'Return ER')",1,0.09523809523809523
P624,"('ER Registration', 'ER Triage', 'ER Sepsis Triage', 'Leucocytes', 'CRP', 'LacticAcid', 'IV Liquid', 'IV Antibiotics', 'Leucocytes', 'CRP')",1,0.09523809523809523
P625,"('ER Registration', 'ER Triage', 'ER Sepsis Triage', 'Leucocytes', 'CRP', 'LacticAcid', 'IV Liquid', 'LacticAcid', 'Leucocytes', 'CRP', 'IV Antibiotics', 'Admission NC', 'Release A', 'Return ER')",1,0.09523809523809523
P626,"('ER Registration', 'ER Triage', 'ER Sepsis Triage', 'Leucocytes', 'CRP', 'LacticAcid', 'LacticAcid', 'IV Liquid', 'IV Antibiotics', 'Admission NC', 'Leucocytes', 'CRP', 'Admission NC', 'CRP', 'Leucocytes', 'CRP', 'Leucocytes', 'Release A', 'Return ER')",1,0.09523809523809523
P627,"('ER Registration', 'ER Triage', 'ER Sepsis Triage', 'Leucocytes', 'CRP', 'LacticAcid', 'LacticAcid', 'IV Liquid', 'IV Antibiotics', 'CRP', 'Leucocytes', 'LacticAcid', 'Admission IC', 'LacticAcid', 'Leucocytes', 'CRP', 'LacticAcid', 'LacticAcid', 'LacticAcid', 'Leucocytes', 'CRP', 'Admission NC', 'Leucocytes', 'CRP', 'LacticAcid', 'CRP', 'Leucocytes', 'Leucocytes', 'CRP', 'LacticAcid', 'Admission NC', 'Leucocytes', 'CRP', 'Leucocytes', 'CRP', 'Leucocytes', 'CRP', 'CRP', 'Leucocytes', 'Release B')",1,0.09523809523809523
P628,"('ER Registration', 'ER Triage', 'ER Sepsis Triage', 'Leucocytes', 'CRP', 'LacticAcid', 'Leucocytes', 'CRP', 'LacticAcid', 'IV Liquid', 'IV Antibiotics', 'Admission NC', 'CRP', 'Release A')",1,0.09523809523809523
P629,"('ER Registration', 'ER Triage', 'ER Sepsis Triage', 'Leucocytes', 'CRP', 'Leucocytes')",1,0.09523809523809523
P630,"('ER Registration', 'ER Triage', 'ER Sepsis Triage', 'Leucocytes', 'LacticAcid', 'CRP')",1,0.09523809523809523
P631,"('ER Registration', 'ER Triage', 'ER Sepsis Triage', 'Leucocytes', 'LacticAcid', 'CRP', 'Admission IC', 'Admission NC', 'Admission NC', 'Release A')",1,0.09523809523809523
P632,"('ER Registration', 'ER Triage', 'ER Sepsis Triage', 'Leucocytes', 'LacticAcid', 'CRP', 'Admission NC', 'Admission NC', 'Admission IC', 'LacticAcid', 'Leucocytes', 'CRP', 'Leucocytes', 'LacticAcid', 'IV Liquid', 'IV Antibiotics', 'Leucocytes', 'CRP', 'LacticAcid', 'LacticAcid', 'Leucocytes', 'CRP', 'Admission NC', 'Leucocytes', 'Leucocytes', 'Release A', 'Return ER')",1,0.09523809523809523
P633,"('ER Registration', 'ER Triage', 'ER Sepsis Triage', 'Leucocytes', 'LacticAcid', 'CRP', 'Admission NC', 'IV Liquid', 'IV Antibiotics')",1,0.09523809523809523
P634,"('ER Registration', 'ER Triage', 'ER Sepsis Triage', 'Leucocytes', 'LacticAcid', 'CRP', 'Admission NC', 'LacticAcid', 'Leucocytes', 'CRP', 'Admission NC', 'Admission NC', 'Release C')",1,0.09523809523809523
P635,"('ER Registration', 'ER Triage', 'ER Sepsis Triage', 'Leucocytes', 'LacticAcid', 'CRP', 'Admission NC', 'Release A', 'Return ER')",1,0.09523809523809523
P636,"('ER Registration', 'ER Sepsis Triage', 'ER Triage', 'IV Liquid', 'IV Antibiotics', 'CRP', 'Leucocytes', 'LacticAcid', 'Admission NC', 'Admission NC', 'Release A', 'Return ER')",1,0.09523809523809523
P637,"('ER Registration', 'ER Triage', 'ER Sepsis Triage', 'Leucocytes', 'LacticAcid', 'CRP', 'IV Antibiotics', 'Admission IC', 'CRP', 'LacticAcid', 'Leucocytes', 'Leucocytes', 'Leucocytes', 'Leucocytes', 'Leucocytes', 'CRP', 'LacticAcid', 'Leucocytes', 'CRP', 'LacticAcid', 'LacticAcid', 'CRP', 'Leucocytes', 'Admission NC', 'Leucocytes', 'CRP', 'Leucocytes', 'CRP', 'Leucocytes', 'CRP', 'CRP', 'Leucocytes', 'Leucocytes', 'CRP', 'Leucocytes', 'CRP', 'CRP', 'Leucocytes', 'Leucocytes', 'CRP', 'Leucocytes', 'CRP', 'Leucocytes', 'CRP', 'Leucocytes', 'CRP', 'Leucocytes', 'CRP', 'Leucocytes', 'CRP', 'Release A')",1,0.09523809523809523
P638,"('ER Registration', 'ER Triage', 'ER Sepsis Triage', 'Leucocytes', 'LacticAcid', 'CRP', 'IV Antibiotics', 'Admission NC', 'CRP', 'Leucocytes', 'Release A', 'Return ER')",1,0.09523809523809523
P639,"('ER Registration', 'ER Triage', 'ER Sepsis Triage', 'Leucocytes', 'LacticAcid', 'CRP', 'IV Antibiotics', 'Admission NC', 'CRP', 'Release A')",1,0.09523809523809523
P640,"('ER Registration', 'ER Triage', 'ER Sepsis Triage', 'Leucocytes', 'LacticAcid', 'CRP', 'IV Antibiotics', 'Admission NC', 'IV Liquid', 'Leucocytes', 'CRP', 'Leucocytes', 'CRP', 'Leucocytes', 'Release A', 'Return ER')",1,0.09523809523809523
P641,"('ER Registration', 'ER Triage', 'ER Sepsis Triage', 'Leucocytes', 'LacticAcid', 'CRP', 'IV Antibiotics', 'Admission NC', 'Leucocytes', 'CRP', 'CRP', 'Leucocytes', 'Release A')",1,0.09523809523809523
P642,"('ER Registration', 'ER Triage', 'ER Sepsis Triage', 'Leucocytes', 'LacticAcid', 'CRP', 'IV Antibiotics', 'IV Liquid')",1,0.09523809523809523
P643,"('ER Registration', 'ER Triage', 'ER Sepsis Triage', 'Leucocytes', 'LacticAcid', 'CRP', 'IV Antibiotics', 'IV Liquid', 'Admission IC', 'CRP', 'LacticAcid', 'Leucocytes', 'LacticAcid', 'Leucocytes', 'LacticAcid', 'CRP', 'Leucocytes', 'LacticAcid', 'LacticAcid', 'Leucocytes', 'CRP', 'LacticAcid', 'Admission NC', 'Leucocytes', 'CRP', 'CRP', 'CRP', 'CRP', 'Leucocytes', 'CRP', 'Leucocytes', 'CRP', 'Leucocytes', 'CRP', 'Leucocytes', 'CRP', 'Leucocytes', 'Admission NC', 'Release A', 'Return ER')",1,0.09523809523809523
P644,"('ER Registration', 'ER Triage', 'ER Sepsis Triage', 'Leucocytes', 'LacticAcid', 'CRP', 'IV Antibiotics', 'IV Liquid', 'Admission NC', 'Admission NC', 'Admission NC', 'Release A')",1,0.09523809523809523
P645,"('ER Registration', 'ER Triage', 'ER Sepsis Triage', 'Leucocytes', 'LacticAcid', 'CRP', 'IV Antibiotics', 'IV Liquid', 'Admission NC', 'Admission NC', 'Leucocytes', 'CRP', 'CRP', 'Leucocytes', 'CRP', 'Admission NC', 'Admission NC', 'CRP', 'Admission NC', 'Leucocytes', 'CRP', 'CRP', 'Leucocytes', 'Release A')",1,0.09523809523809523
P646,"('ER Registration', 'ER Triage', 'ER Sepsis Triage', 'Leucocytes', 'LacticAcid', 'CRP', 'IV Antibiotics', 'IV Liquid', 'Admission NC', 'Admission NC', 'Leucocytes', 'CRP', 'CRP', 'Leucocytes', 'Release A')",1,0.09523809523809523
P647,"('ER Registration', 'ER Triage', 'ER Sepsis Triage', 'Leucocytes', 'LacticAcid', 'CRP', 'IV Antibiotics', 'IV Liquid', 'Admission NC', 'CRP', 'Leucocytes', 'CRP', 'Admission NC', 'Leucocytes', 'Leucocytes', 'CRP', 'Admission NC', 'CRP', 'Leucocytes', 'Release A', 'Return ER')",1,0.09523809523809523
P648,"('ER Registration', 'ER Triage', 'ER Sepsis Triage', 'Leucocytes', 'LacticAcid', 'CRP', 'IV Antibiotics', 'IV Liquid', 'Admission NC', 'CRP', 'Leucocytes', 'Release A', 'Return ER')",1,0.09523809523809523
P649,"('ER Registration', 'ER Triage', 'ER Sepsis Triage', 'Leucocytes', 'LacticAcid', 'CRP', 'IV Antibiotics', 'IV Liquid', 'Admission NC', 'Leucocytes', 'CRP', 'Admission NC', 'CRP', 'Leucocytes', 'Admission NC', 'Leucocytes', 'CRP', 'Leucocytes', 'CRP', 'Release A')",1,0.09523809523809523
P650,"('ER Registration', 'ER Sepsis Triage', 'ER Triage', 'IV Liquid', 'LacticAcid', 'CRP', 'Leucocytes', 'IV Antibiotics', 'Admission NC', 'CRP', 'LacticAcid', 'Leucocytes', 'CRP', 'Leucocytes', 'CRP', 'Leucocytes', 'Leucocytes', 'CRP', 'Release B')",1,0.09523809523809523
P651,"('ER Registration', 'ER Triage', 'ER Sepsis Triage', 'Leucocytes', 'LacticAcid', 'CRP', 'IV Liquid', 'IV Antibiotics', 'Admission IC', 'CRP', 'LacticAcid', 'Leucocytes', 'Admission NC', 'CRP', 'Leucocytes', 'CRP', 'Leucocytes', 'Leucocytes', 'CRP', 'Release A', 'Return ER')",1,0.09523809523809523
P652,"('Leucocytes', 'CRP', 'ER Registration', 'ER Triage', 'ER Sepsis Triage', 'Admission NC', 'CRP', 'Leucocytes', 'Admission NC', 'CRP', 'Leucocytes', 'CRP', 'Leucocytes', 'CRP', 'Release C')",1,0.09523809523809523
P653,"('ER Registration', 'ER Triage', 'ER Sepsis Triage', 'Leucocytes', 'LacticAcid', 'CRP', 'IV Liquid', 'IV Antibiotics', 'Admission NC', 'Admission NC', 'CRP', 'Leucocytes', 'Admission NC', 'CRP', 'Leucocytes', 'Release A')",1,0.09523809523809523
P654,"('ER Registration', 'ER Triage', 'ER Sepsis Triage', 'Leucocytes', 'LacticAcid', 'CRP', 'IV Liquid', 'IV Antibiotics', 'Admission NC', 'Admission NC', 'CRP', 'Leucocytes', 'Release A')",1,0.09523809523809523
P655,"('ER Registration', 'ER Triage', 'ER Sepsis Triage', 'Leucocytes', 'LacticAcid', 'CRP', 'IV Liquid', 'IV Antibiotics', 'Admission NC', 'Admission NC', 'Leucocytes', 'CRP', 'CRP', 'Leucocytes', 'Release A')",1,0.09523809523809523
P656,"('ER Registration', 'ER Triage', 'ER Sepsis Triage', 'Leucocytes', 'LacticAcid', 'CRP', 'IV Liquid', 'IV Antibiotics', 'Admission NC', 'Admission NC', 'Release A')",1,0.09523809523809523
P657,"('ER Registration', 'ER Triage', 'ER Sepsis Triage', 'Leucocytes', 'LacticAcid', 'CRP', 'IV Liquid', 'IV Antibiotics', 'Admission NC', 'Admission NC', 'Release A', 'Return ER')",1,0.09523809523809523
P658,"('ER Registration', 'ER Triage', 'ER Sepsis Triage', 'Leucocytes', 'LacticAcid', 'CRP', 'IV Liquid', 'IV Antibiotics', 'Admission NC', 'CRP', 'Leucocytes', 'CRP', 'Leucocytes', 'CRP', 'Leucocytes', 'Leucocytes', 'CRP', 'Leucocytes', 'CRP', 'Leucocytes', 'CRP', 'Release A', 'Return ER')",1,0.09523809523809523
P659,"('ER Registration', 'ER Triage', 'ER Sepsis Triage', 'Leucocytes', 'LacticAcid', 'CRP', 'IV Liquid', 'IV Antibiotics', 'Admission NC', 'CRP', 'Leucocytes', 'CRP', 'Leucocytes', 'Release C')",1,0.09523809523809523
P660,"('ER Registration', 'ER Triage', 'ER Sepsis Triage', 'Leucocytes', 'LacticAcid', 'CRP', 'IV Liquid', 'IV Antibiotics', 'Admission NC', 'CRP', 'Leucocytes', 'CRP', 'Release A')",1,0.09523809523809523
P661,"('ER Registration', 'ER Triage', 'ER Sepsis Triage', 'Leucocytes', 'LacticAcid', 'CRP', 'IV Liquid', 'IV Antibiotics', 'Admission NC', 'CRP', 'Leucocytes', 'LacticAcid', 'Admission NC', 'CRP', 'Leucocytes', 'CRP', 'CRP', 'Leucocytes', 'CRP', 'Leucocytes', 'Release A')",1,0.09523809523809523
P662,"('ER Registration', 'ER Triage', 'ER Sepsis Triage', 'Leucocytes', 'LacticAcid', 'CRP', 'IV Liquid', 'IV Antibiotics', 'Admission NC', 'CRP', 'Leucocytes', 'LacticAcid', 'LacticAcid', 'CRP', 'Admission NC', 'CRP', 'LacticAcid', 'Leucocytes', 'CRP', 'Admission NC', 'Release A')",1,0.09523809523809523
P663,"('ER Registration', 'ER Triage', 'ER Sepsis Triage', 'Leucocytes', 'LacticAcid', 'CRP', 'IV Liquid', 'IV Antibiotics', 'Admission NC', 'CRP', 'Leucocytes', 'LacticAcid', 'Leucocytes', 'CRP', 'Release A')",1,0.09523809523809523
P664,"('ER Registration', 'ER Triage', 'ER Sepsis Triage', 'Leucocytes', 'LacticAcid', 'CRP', 'IV Liquid', 'IV Antibiotics', 'Admission NC', 'CRP', 'Leucocytes', 'Leucocytes', 'CRP', 'Admission IC', 'Leucocytes', 'CRP', 'LacticAcid', 'LacticAcid', 'CRP', 'Leucocytes', 'LacticAcid', 'Leucocytes', 'CRP', 'Admission NC', 'Leucocytes', 'Leucocytes', 'CRP', 'Release A', 'Return ER')",1,0.09523809523809523
P665,"('ER Registration', 'ER Triage', 'ER Sepsis Triage', 'Leucocytes', 'LacticAcid', 'CRP', 'IV Liquid', 'IV Antibiotics', 'Admission NC', 'CRP', 'Leucocytes', 'Leucocytes', 'CRP', 'Leucocytes', 'CRP', 'CRP', 'Leucocytes', 'CRP', 'Leucocytes', 'Release C')",1,0.09523809523809523
P666,"('ER Registration', 'ER Triage', 'ER Sepsis Triage', 'Leucocytes', 'LacticAcid', 'CRP', 'IV Liquid', 'IV Antibiotics', 'Admission NC', 'CRP', 'Leucocytes', 'Leucocytes', 'CRP', 'Leucocytes', 'CRP', 'Release A')",1,0.09523809523809523
P667,"('ER Registration', 'ER Sepsis Triage', 'IV Antibiotics', 'ER Triage', 'Leucocytes', 'LacticAcid', 'CRP', 'Admission NC', 'Admission NC', 'CRP', 'LacticAcid', 'Leucocytes', 'Release A', 'Return ER')",1,0.09523809523809523
P668,"('ER Registration', 'ER Triage', 'ER Sepsis Triage', 'Leucocytes', 'LacticAcid', 'CRP', 'IV Liquid', 'IV Antibiotics', 'Admission NC', 'CRP', 'Leucocytes', 'Release A', 'Return ER')",1,0.09523809523809523
P669,"('ER Registration', 'ER Triage', 'ER Sepsis Triage', 'Leucocytes', 'LacticAcid', 'CRP', 'IV Liquid', 'IV Antibiotics', 'Admission NC', 'CRP', 'Release A', 'Return ER')",1,0.09523809523809523
P670,"('ER Registration', 'ER Triage', 'ER Sepsis Triage', 'Leucocytes', 'LacticAcid', 'CRP', 'IV Liquid', 'IV Antibiotics', 'Admission NC', 'LacticAcid', 'Admission NC', 'Leucocytes', 'CRP', 'Release A')",1,0.09523809523809523
P671,"('ER Registration', 'ER Triage', 'ER Sepsis Triage', 'Leucocytes', 'LacticAcid', 'CRP', 'IV Liquid', 'IV Antibiotics', 'Admission NC', 'LacticAcid', 'Release B')",1,0.09523809523809523
P672,"('ER Registration', 'ER Triage', 'ER Sepsis Triage', 'Leucocytes', 'LacticAcid', 'CRP', 'IV Liquid', 'IV Antibiotics', 'Admission NC', 'Leucocytes', 'Admission NC', 'CRP', 'Leucocytes', 'Release A')",1,0.09523809523809523
P673,"('ER Registration', 'ER Triage', 'ER Sepsis Triage', 'Leucocytes', 'LacticAcid', 'CRP', 'IV Liquid', 'IV Antibiotics', 'Admission NC', 'Leucocytes', 'CRP', 'Admission NC', 'CRP', 'Leucocytes', 'Release A')",1,0.09523809523809523
P674,"('ER Registration', 'ER Triage', 'ER Sepsis Triage', 'Leucocytes', 'LacticAcid', 'CRP', 'IV Liquid', 'IV Antibiotics', 'Admission NC', 'Leucocytes', 'CRP', 'CRP', 'CRP', 'Leucocytes', 'Leucocytes', 'CRP', 'Release A', 'Return ER', 'CRP', 'LacticAcid', 'Leucocytes')",1,0.09523809523809523
P675,"('ER Registration', 'ER Triage', 'ER Sepsis Triage', 'Leucocytes', 'LacticAcid', 'CRP', 'IV Liquid', 'IV Antibiotics', 'Admission NC', 'Leucocytes', 'CRP', 'CRP', 'Leucocytes', 'CRP', 'Release A', 'Return ER')",1,0.09523809523809523
P676,"('ER Registration', 'ER Triage', 'ER Sepsis Triage', 'Leucocytes', 'LacticAcid', 'CRP', 'IV Liquid', 'IV Antibiotics', 'Admission NC', 'Leucocytes', 'CRP', 'CRP', 'Leucocytes', 'Leucocytes', 'Leucocytes', 'CRP', 'Leucocytes', 'CRP', 'Leucocytes', 'Leucocytes', 'CRP', 'Release D', 'Return ER')",1,0.09523809523809523
P677,"('ER Registration', 'ER Triage', 'ER Sepsis Triage', 'Leucocytes', 'LacticAcid', 'CRP', 'IV Liquid', 'IV Antibiotics', 'Admission NC', 'Leucocytes', 'CRP', 'CRP', 'Release A')",1,0.09523809523809523
P678,"('ER Registration', 'ER Triage', 'ER Sepsis Triage', 'Leucocytes', 'LacticAcid', 'CRP', 'IV Liquid', 'IV Antibiotics', 'Admission NC', 'Leucocytes', 'CRP', 'LacticAcid', 'CRP', 'Leucocytes', 'Admission NC', 'CRP', 'Leucocytes', 'Leucocytes', 'CRP', 'Release A')",1,0.09523809523809523
P679,"('ER Registration', 'ER Triage', 'ER Sepsis Triage', 'Leucocytes', 'LacticAcid', 'CRP', 'IV Liquid', 'IV Antibiotics', 'Admission NC', 'Leucocytes', 'CRP', 'Leucocytes', 'CRP', 'Release C')",1,0.09523809523809523
P680,"('ER Registration', 'ER Triage', 'ER Sepsis Triage', 'Leucocytes', 'LacticAcid', 'CRP', 'IV Liquid', 'IV Antibiotics', 'Admission NC', 'Leucocytes', 'CRP', 'Release A')",1,0.09523809523809523
P681,"('ER Registration', 'ER Triage', 'ER Sepsis Triage', 'Leucocytes', 'LacticAcid', 'CRP', 'IV Liquid', 'IV Antibiotics', 'Admission NC', 'Leucocytes', 'Leucocytes', 'CRP', 'CRP', 'CRP', 'Release A', 'Return ER')",1,0.09523809523809523
P682,"('ER Registration', 'ER Triage', 'ER Sepsis Triage', 'Leucocytes', 'LacticAcid', 'CRP', 'IV Liquid', 'IV Antibiotics', 'Admission NC', 'Leucocytes', 'Leucocytes', 'CRP', 'Leucocytes', 'Leucocytes', 'CRP', 'Release B')",1,0.09523809523809523
P683,"('ER Registration', 'ER Triage', 'ER Sepsis Triage', 'Leucocytes', 'LacticAcid', 'CRP', 'IV Liquid', 'IV Antibiotics', 'Admission NC', 'Release A', 'Return ER')",1,0.09523809523809523
P684,"('ER Registration', 'ER Triage', 'ER Sepsis Triage', 'Leucocytes', 'LacticAcid', 'CRP', 'IV Liquid', 'IV Antibiotics', 'Admission NC', 'Release B')",1,0.09523809523809523
P685,"('ER Registration', 'ER Triage', 'ER Sepsis Triage', 'Leucocytes', 'Leucocytes')",1,0.09523809523809523
P686,"('ER Registration', 'ER Triage', 'ER Sepsis Triage', 'Leucocytes', 'Leucocytes', 'CRP')",1,0.09523809523809523
P687,"('ER Registration', 'ER Triage', 'IV Liquid', 'CRP', 'Leucocytes', 'LacticAcid', 'ER Sepsis Triage', 'IV Antibiotics', 'Admission NC', 'Release A')",1,0.09523809523809523
P688,"('ER Registration', 'ER Triage', 'IV Liquid', 'ER Sepsis Triage', 'CRP', 'LacticAcid', 'Leucocytes', 'IV Antibiotics', 'Admission NC', 'Leucocytes', 'CRP', 'Release A')",1,0.09523809523809523
P689,"('ER Registration', 'ER Triage', 'IV Liquid', 'ER Sepsis Triage', 'LacticAcid', 'CRP', 'Leucocytes', 'IV Antibiotics', 'Admission NC', 'Admission NC', 'Leucocytes', 'CRP', 'Leucocytes', 'CRP', 'Leucocytes', 'CRP', 'Release A', 'Return ER')",1,0.09523809523809523
P690,"('ER Registration', 'ER Triage', 'IV Liquid', 'Leucocytes', 'CRP', 'LacticAcid', 'ER Sepsis Triage', 'IV Antibiotics')",1,0.09523809523809523
P691,"('ER Registration', 'ER Triage', 'IV Liquid', 'Leucocytes', 'CRP', 'LacticAcid', 'ER Sepsis Triage', 'IV Antibiotics', 'Admission NC', 'CRP', 'Release A', 'Return ER')",1,0.09523809523809523
P692,"('ER Registration', 'ER Triage', 'IV Liquid', 'Leucocytes', 'CRP', 'LacticAcid', 'ER Sepsis Triage', 'IV Antibiotics', 'Admission NC', 'Leucocytes', 'CRP', 'Admission NC', 'CRP', 'Leucocytes', 'Release A', 'Return ER')",1,0.09523809523809523
P693,"('ER Registration', 'ER Triage', 'IV Liquid', 'Leucocytes', 'CRP', 'Leucocytes', 'LacticAcid', 'ER Sepsis Triage', 'IV Antibiotics')",1,0.09523809523809523
P694,"('ER Registration', 'ER Triage', 'LacticAcid', 'CRP', 'Leucocytes', 'ER Sepsis Triage', 'IV Liquid', 'IV Antibiotics')",1,0.09523809523809523
P695,"('ER Registration', 'ER Triage', 'LacticAcid', 'CRP', 'Leucocytes', 'ER Sepsis Triage', 'IV Liquid', 'IV Antibiotics', 'Admission NC', 'Admission NC', 'CRP', 'Leucocytes', 'Leucocytes', 'CRP', 'CRP', 'Leucocytes', 'Leucocytes', 'CRP', 'Release B')",1,0.09523809523809523
P696,"('ER Registration', 'ER Triage', 'LacticAcid', 'CRP', 'Leucocytes', 'ER Sepsis Triage', 'IV Liquid', 'IV Antibiotics', 'Admission NC', 'Admission NC', 'CRP', 'Leucocytes', 'Leucocytes', 'CRP', 'Release B')",1,0.09523809523809523
P697,"('ER Registration', 'ER Triage', 'LacticAcid', 'CRP', 'Leucocytes', 'ER Sepsis Triage', 'IV Liquid', 'IV Antibiotics', 'Admission NC', 'Admission NC', 'Leucocytes', 'CRP', 'Release A')",1,0.09523809523809523
P698,"('ER Registration', 'ER Triage', 'LacticAcid', 'CRP', 'Leucocytes', 'ER Sepsis Triage', 'IV Liquid', 'IV Antibiotics', 'Admission NC', 'CRP', 'Leucocytes', 'Leucocytes', 'CRP', 'Admission NC', 'Leucocytes', 'CRP', 'Leucocytes', 'Leucocytes', 'CRP', 'Leucocytes', 'CRP', 'Leucocytes', 'CRP', 'Leucocytes', 'CRP', 'CRP', 'Leucocytes', 'CRP', 'Leucocytes', 'CRP', 'Release C', 'Return ER')",1,0.09523809523809523
P699,"('ER Registration', 'ER Triage', 'LacticAcid', 'CRP', 'Leucocytes', 'ER Sepsis Triage', 'IV Liquid', 'IV Antibiotics', 'Admission NC', 'CRP', 'Leucocytes', 'Release A', 'Return ER')",1,0.09523809523809523
P700,"('ER Registration', 'ER Triage', 'LacticAcid', 'CRP', 'Leucocytes', 'ER Sepsis Triage', 'IV Liquid', 'IV Antibiotics', 'Admission NC', 'Leucocytes', 'CRP', 'CRP', 'Leucocytes', 'Admission NC', 'Leucocytes', 'CRP', 'Admission NC', 'Leucocytes', 'CRP', 'Release A')",1,0.09523809523809523
P701,"('ER Registration', 'ER Triage', 'LacticAcid', 'CRP', 'Leucocytes', 'ER Sepsis Triage', 'IV Liquid', 'IV Antibiotics', 'Admission NC', 'Leucocytes', 'CRP', 'CRP', 'Leucocytes', 'Leucocytes', 'CRP', 'Release A')",1,0.09523809523809523
P702,"('ER Registration', 'ER Triage', 'LacticAcid', 'CRP', 'Leucocytes', 'ER Sepsis Triage', 'IV Liquid', 'IV Antibiotics', 'Admission NC', 'Leucocytes', 'CRP', 'LacticAcid', 'CRP', 'Leucocytes', 'Leucocytes', 'CRP', 'Release A', 'Return ER')",1,0.09523809523809523
P703,"('ER Registration', 'ER Triage', 'LacticAcid', 'CRP', 'Leucocytes', 'IV Liquid', 'ER Sepsis Triage', 'Admission NC', 'IV Antibiotics', 'CRP', 'CRP', 'Leucocytes', 'CRP', 'Leucocytes', 'Release A', 'Return ER')",1,0.09523809523809523
P704,"('ER Registration', 'ER Triage', 'LacticAcid', 'CRP', 'Leucocytes', 'IV Liquid', 'ER Sepsis Triage', 'IV Antibiotics', 'Admission NC', 'Admission NC', 'CRP', 'Leucocytes', 'CRP', 'Leucocytes', 'CRP', 'Release A', 'Return ER')",1,0.09523809523809523
P705,"('ER Registration', 'ER Triage', 'LacticAcid', 'Leucocytes', 'CRP', 'ER Sepsis Triage', 'IV Antibiotics', 'IV Liquid', 'Admission NC', 'Admission NC', 'CRP', 'Leucocytes', 'Leucocytes', 'CRP', 'CRP', 'Leucocytes', 'Release A')",1,0.09523809523809523
P706,"('ER Registration', 'ER Sepsis Triage', 'IV Liquid', 'IV Antibiotics', 'ER Triage', 'Leucocytes', 'LacticAcid', 'CRP', 'Admission NC', 'Admission NC', 'Leucocytes', 'CRP', 'Release A')",1,0.09523809523809523
P707,"('ER Registration', 'ER Triage', 'LacticAcid', 'Leucocytes', 'CRP', 'ER Sepsis Triage', 'IV Liquid', 'IV Antibiotics', 'Admission NC', 'Admission NC', 'CRP', 'Leucocytes', 'Leucocytes', 'CRP', 'CRP', 'Release A', 'Return ER')",1,0.09523809523809523
P708,"('ER Registration', 'ER Triage', 'LacticAcid', 'Leucocytes', 'CRP', 'ER Sepsis Triage', 'IV Liquid', 'IV Antibiotics', 'Admission NC', 'Admission NC', 'Leucocytes', 'CRP', 'Admission NC', 'Leucocytes', 'Leucocytes', 'CRP', 'Leucocytes', 'Leucocytes', 'CRP', 'Release A')",1,0.09523809523809523
P709,"('ER Registration', 'ER Triage', 'LacticAcid', 'Leucocytes', 'CRP', 'ER Sepsis Triage', 'IV Liquid', 'IV Antibiotics', 'Admission NC', 'CRP', 'Leucocytes', 'Admission NC', 'Leucocytes', 'CRP', 'Release A', 'Return ER')",1,0.09523809523809523
P710,"('ER Registration', 'ER Triage', 'LacticAcid', 'Leucocytes', 'CRP', 'ER Sepsis Triage', 'IV Liquid', 'IV Antibiotics', 'Admission NC', 'CRP', 'Leucocytes', 'CRP', 'Leucocytes', 'Release A')",1,0.09523809523809523
P711,"('ER Registration', 'ER Triage', 'LacticAcid', 'Leucocytes', 'CRP', 'ER Sepsis Triage', 'IV Liquid', 'IV Antibiotics', 'Admission NC', 'CRP', 'Release A')",1,0.09523809523809523
P712,"('ER Registration', 'ER Triage', 'LacticAcid', 'Leucocytes', 'CRP', 'ER Sepsis Triage', 'IV Liquid', 'IV Antibiotics', 'Admission NC', 'LacticAcid', 'CRP', 'Leucocytes', 'Admission NC', 'Leucocytes', 'CRP', 'CRP', 'Leucocytes', 'Release A', 'Return ER')",1,0.09523809523809523
P713,"('ER Registration', 'ER Triage', 'LacticAcid', 'Leucocytes', 'CRP', 'ER Sepsis Triage', 'IV Liquid', 'IV Antibiotics', 'Admission NC', 'Leucocytes', 'CRP', 'Admission NC', 'CRP', 'Leucocytes', 'Release A')",1,0.09523809523809523
P714,"('ER Registration', 'ER Triage', 'LacticAcid', 'Leucocytes', 'CRP', 'ER Sepsis Triage', 'IV Liquid', 'IV Antibiotics', 'Admission NC', 'Leucocytes', 'CRP', 'Admission NC', 'CRP', 'Release A')",1,0.09523809523809523
P715,"('ER Registration', 'ER Triage', 'LacticAcid', 'Leucocytes', 'CRP', 'ER Sepsis Triage', 'IV Liquid', 'IV Antibiotics', 'Admission NC', 'Leucocytes', 'CRP', 'Admission NC', 'Release A')",1,0.09523809523809523
P716,"('ER Registration', 'ER Triage', 'LacticAcid', 'Leucocytes', 'CRP', 'ER Sepsis Triage', 'IV Liquid', 'Leucocytes', 'IV Antibiotics', 'Admission NC', 'Admission NC', 'Leucocytes', 'CRP', 'CRP', 'Leucocytes', 'Leucocytes', 'CRP', 'Release A', 'Return ER')",1,0.09523809523809523
P717,"('ER Registration', 'ER Triage', 'Leucocytes', 'CRP', 'Admission NC', 'ER Sepsis Triage', 'Admission NC', 'Leucocytes', 'CRP', 'Leucocytes', 'CRP', 'Leucocytes', 'CRP', 'Release C')",1,0.09523809523809523
P718,"('ER Registration', 'ER Triage', 'CRP', 'LacticAcid', 'Leucocytes', 'ER Sepsis Triage', 'Admission IC', 'LacticAcid', 'Leucocytes', 'CRP', 'LacticAcid', 'Leucocytes', 'CRP', 'LacticAcid', 'Admission NC', 'Release A', 'Return ER')",1,0.09523809523809523
P719,"('ER Registration', 'ER Triage', 'Leucocytes', 'CRP', 'ER Sepsis Triage', 'Admission NC', 'Leucocytes', 'CRP', 'Leucocytes', 'Leucocytes', 'CRP', 'CRP', 'Leucocytes', 'Release A')",1,0.09523809523809523
P720,"('ER Registration', 'ER Triage', 'Leucocytes', 'CRP', 'ER Sepsis Triage', 'Admission NC', 'Release A', 'Return ER')",1,0.09523809523809523
P721,"('ER Registration', 'ER Triage', 'Leucocytes', 'CRP', 'ER Sepsis Triage', 'IV Liquid', 'IV Antibiotics', 'Admission NC', 'Admission NC', 'CRP', 'Leucocytes', 'CRP', 'Release A')",1,0.09523809523809523
P722,"('ER Registration', 'ER Triage', 'Leucocytes', 'CRP', 'ER Sepsis Triage', 'IV Liquid', 'IV Antibiotics', 'Admission NC', 'Leucocytes', 'CRP', 'Leucocytes', 'CRP', 'CRP', 'Leucocytes', 'CRP', 'CRP', 'Leucocytes', 'CRP', 'Leucocytes', 'CRP', 'Leucocytes', 'CRP', 'Leucocytes', 'Leucocytes', 'CRP', 'CRP', 'Leucocytes', 'Leucocytes', 'CRP', 'CRP', 'CRP', 'CRP', 'Leucocytes', 'CRP', 'Leucocytes', 'CRP', 'CRP', 'Leucocytes', 'Release A')",1,0.09523809523809523
P723,"('ER Registration', 'ER Triage', 'Leucocytes', 'CRP', 'ER Sepsis Triage', 'IV Liquid', 'IV Antibiotics', 'Release B', 'Admission NC')",1,0.09523809523809523
P724,"('ER Registration', 'ER Triage', 'Leucocytes', 'CRP', 'ER Sepsis Triage', 'IV Liquid', 'LacticAcid', 'IV Antibiotics', 'Admission NC', 'CRP', 'Leucocytes', 'CRP', 'Leucocytes', 'Release A')",1,0.09523809523809523
P725,"('ER Registration', 'ER Triage', 'Leucocytes', 'CRP', 'LacticAcid', 'ER Sepsis Triage', 'Admission NC', 'Admission NC', 'Leucocytes', 'CRP', 'Release A')",1,0.09523809523809523
P726,"('ER Registration', 'ER Triage', 'Leucocytes', 'CRP', 'LacticAcid', 'ER Sepsis Triage', 'IV Antibiotics', 'Admission NC', 'CRP', 'Leucocytes', 'Release A')",1,0.09523809523809523
P727,"('ER Registration', 'ER Triage', 'Leucocytes', 'CRP', 'LacticAcid', 'ER Sepsis Triage', 'IV Antibiotics', 'Admission NC', 'IV Liquid')",1,0.09523809523809523
P728,"('ER Registration', 'ER Triage', 'Leucocytes', 'CRP', 'LacticAcid', 'ER Sepsis Triage', 'IV Antibiotics', 'IV Liquid', 'Admission NC', 'Admission NC', 'CRP', 'Leucocytes', 'Leucocytes', 'CRP', 'Release A', 'Return ER')",1,0.09523809523809523
P729,"('ER Registration', 'ER Triage', 'CRP', 'LacticAcid', 'Leucocytes', 'ER Sepsis Triage', 'IV Antibiotics', 'IV Liquid', 'Admission NC', 'Admission NC', 'Release A', 'Return ER')",1,0.09523809523809523
P730,"('ER Registration', 'ER Triage', 'Leucocytes', 'CRP', 'LacticAcid', 'ER Sepsis Triage', 'IV Liquid', 'IV Antibiotics', 'Admission IC', 'Admission IC', 'Leucocytes', 'CRP', 'LacticAcid', 'Leucocytes', 'CRP', 'LacticAcid', 'Leucocytes', 'Leucocytes', 'CRP', 'LacticAcid', 'LacticAcid', 'CRP', 'LacticAcid', 'Leucocytes', 'LacticAcid', 'Leucocytes', 'CRP', 'Leucocytes', 'LacticAcid', 'CRP', 'Admission NC', 'Release A')",1,0.09523809523809523
P731,"('ER Registration', 'ER Triage', 'Leucocytes', 'CRP', 'LacticAcid', 'ER Sepsis Triage', 'IV Liquid', 'IV Antibiotics', 'Admission IC', 'Leucocytes', 'CRP', 'LacticAcid')",1,0.09523809523809523
P732,"('ER Registration', 'ER Triage', 'Leucocytes', 'CRP', 'LacticAcid', 'ER Sepsis Triage', 'IV Liquid', 'IV Antibiotics', 'Admission NC', 'Admission NC', 'Leucocytes', 'CRP', 'Leucocytes', 'Leucocytes', 'CRP', 'Leucocytes', 'CRP', 'Leucocytes', 'CRP', 'CRP', 'Leucocytes', 'CRP', 'Leucocytes', 'CRP', 'CRP', 'Leucocytes', 'CRP', 'CRP', 'CRP', 'Leucocytes', 'CRP', 'CRP', 'Leucocytes', 'Leucocytes', 'Leucocytes', 'Leucocytes', 'CRP', 'Release B')",1,0.09523809523809523
P733,"('ER Registration', 'ER Triage', 'Leucocytes', 'CRP', 'LacticAcid', 'ER Sepsis Triage', 'IV Liquid', 'IV Antibiotics', 'Admission NC', 'CRP', 'Leucocytes', 'Admission NC', 'CRP', 'Leucocytes', 'CRP', 'Release A')",1,0.09523809523809523
P734,"('ER Registration', 'ER Triage', 'Leucocytes', 'CRP', 'LacticAcid', 'ER Sepsis Triage', 'IV Liquid', 'IV Antibiotics', 'Admission NC', 'Leucocytes', 'CRP', 'CRP', 'CRP', 'Leucocytes', 'Release A', 'Return ER')",1,0.09523809523809523
P735,"('ER Registration', 'ER Triage', 'Leucocytes', 'CRP', 'LacticAcid', 'ER Sepsis Triage', 'IV Liquid', 'IV Antibiotics', 'Admission NC', 'Leucocytes', 'CRP', 'LacticAcid', 'Leucocytes', 'CRP', 'CRP', 'Release A')",1,0.09523809523809523
P736,"('ER Registration', 'ER Triage', 'Leucocytes', 'CRP', 'LacticAcid', 'ER Sepsis Triage', 'IV Liquid', 'IV Antibiotics', 'Admission NC', 'Leucocytes', 'CRP', 'Leucocytes', 'CRP', 'Leucocytes', 'CRP', 'Release A')",1,0.09523809523809523
P737,"('ER Registration', 'ER Triage', 'Leucocytes', 'CRP', 'LacticAcid', 'ER Sepsis Triage', 'IV Liquid', 'IV Antibiotics', 'Admission NC', 'Leucocytes', 'CRP', 'Release A', 'Return ER')",1,0.09523809523809523
P738,"('ER Registration', 'ER Triage', 'Leucocytes', 'CRP', 'LacticAcid', 'ER Sepsis Triage', 'IV Liquid', 'IV Antibiotics', 'Admission NC', 'Leucocytes', 'Leucocytes', 'CRP', 'Leucocytes', 'CRP', 'Leucocytes', 'CRP', 'CRP', 'Leucocytes', 'CRP', 'CRP', 'Leucocytes', 'Leucocytes', 'Leucocytes', 'CRP', 'Release A')",1,0.09523809523809523
P739,"('ER Registration', 'ER Triage', 'Leucocytes', 'CRP', 'LacticAcid', 'ER Sepsis Triage', 'IV Liquid', 'IV Antibiotics', 'Admission NC', 'Release A')",1,0.09523809523809523
P740,"('ER Registration', 'ER Triage', 'Leucocytes', 'CRP', 'LacticAcid', 'ER Sepsis Triage', 'Leucocytes', 'CRP', 'LacticAcid', 'Admission NC', 'CRP', 'Release A', 'Return ER')",1,0.09523809523809523
P741,"('ER Registration', 'ER Triage', 'Leucocytes', 'CRP', 'LacticAcid', 'IV Liquid', 'Admission NC', 'ER Sepsis Triage', 'IV Antibiotics', 'Release A')",1,0.09523809523809523
P742,"('ER Registration', 'ER Triage', 'Leucocytes', 'LacticAcid', 'CRP', 'Admission IC', 'ER Sepsis Triage', 'IV Liquid', 'IV Antibiotics', 'Leucocytes', 'LacticAcid', 'CRP', 'CRP', 'LacticAcid', 'Leucocytes', 'Admission NC', 'Leucocytes', 'CRP', 'Release A')",1,0.09523809523809523
P743,"('ER Registration', 'ER Triage', 'Leucocytes', 'LacticAcid', 'CRP', 'ER Sepsis Triage')",1,0.09523809523809523
P744,"('ER Registration', 'ER Triage', 'Leucocytes', 'LacticAcid', 'CRP', 'ER Sepsis Triage', 'Admission NC', 'Admission NC', 'CRP', 'Leucocytes', 'Leucocytes', 'CRP', 'CRP', 'Leucocytes', 'CRP', 'CRP', 'Leucocytes', 'CRP', 'CRP', 'Release D')",1,0.09523809523809523
P745,"('ER Registration', 'ER Triage', 'Leucocytes', 'LacticAcid', 'CRP', 'ER Sepsis Triage', 'Admission NC', 'CRP', 'Leucocytes', 'CRP', 'Leucocytes', 'CRP', 'Leucocytes', 'CRP', 'Leucocytes', 'Release A', 'Return ER')",1,0.09523809523809523
P746,"('ER Registration', 'ER Triage', 'Leucocytes', 'LacticAcid', 'CRP', 'ER Sepsis Triage', 'IV Antibiotics', 'Admission NC', 'Admission NC', 'Leucocytes', 'CRP', 'CRP', 'Leucocytes', 'Release A', 'Return ER')",1,0.09523809523809523
P747,"('ER Registration', 'ER Triage', 'Leucocytes', 'LacticAcid', 'CRP', 'ER Sepsis Triage', 'IV Liquid', 'IV Antibiotics')",1,0.09523809523809523
P748,"('ER Registration', 'ER Triage', 'Leucocytes', 'LacticAcid', 'CRP', 'ER Sepsis Triage', 'IV Liquid', 'IV Antibiotics', 'Admission NC', 'Admission NC', 'Leucocytes', 'CRP', 'Release A', 'Return ER')",1,0.09523809523809523
P749,"('ER Registration', 'ER Triage', 'Leucocytes', 'LacticAcid', 'CRP', 'ER Sepsis Triage', 'IV Liquid', 'IV Antibiotics', 'Admission NC', 'CRP', 'Leucocytes', 'Leucocytes', 'CRP', 'Leucocytes', 'CRP', 'Admission NC', 'CRP', 'Leucocytes', 'Release A', 'Return ER')",1,0.09523809523809523
P750,"('ER Registration', 'ER Triage', 'Leucocytes', 'LacticAcid', 'CRP', 'ER Sepsis Triage', 'IV Liquid', 'IV Antibiotics', 'Admission NC', 'CRP', 'Leucocytes', 'Leucocytes', 'CRP', 'Leucocytes', 'CRP', 'CRP', 'Leucocytes', 'CRP', 'Leucocytes', 'Release B')",1,0.09523809523809523
P751,"('ER Registration', 'ER Triage', 'Leucocytes', 'LacticAcid', 'CRP', 'ER Sepsis Triage', 'IV Liquid', 'IV Antibiotics', 'Admission NC', 'CRP', 'Leucocytes', 'Release A', 'Return ER')",1,0.09523809523809523
P752,"('ER Registration', 'IV Liquid', 'ER Sepsis Triage', 'IV Antibiotics', 'ER Triage', 'LacticAcid', 'CRP', 'Leucocytes', 'Admission NC', 'Leucocytes', 'CRP', 'Release A', 'Return ER')",1,0.09523809523809523
P753,"('ER Registration', 'IV Liquid', 'ER Sepsis Triage', 'IV Antibiotics', 'ER Triage', 'LacticAcid', 'Leucocytes', 'CRP', 'Admission NC', 'Leucocytes', 'CRP', 'Release A')",1,0.09523809523809523
P754,"('ER Registration', 'IV Liquid', 'ER Triage', 'ER Sepsis Triage', 'CRP', 'LacticAcid', 'Leucocytes', 'IV Antibiotics', 'Admission NC', 'Admission NC', 'Leucocytes', 'CRP', 'Admission NC', 'Release A')",1,0.09523809523809523
P755,"('ER Registration', 'IV Liquid', 'ER Triage', 'ER Sepsis Triage', 'CRP', 'LacticAcid', 'Leucocytes', 'IV Antibiotics', 'Admission NC', 'Leucocytes', 'Admission NC', 'LacticAcid', 'CRP', 'Leucocytes', 'LacticAcid', 'Leucocytes', 'CRP', 'Leucocytes', 'CRP', 'LacticAcid', 'CRP', 'Leucocytes', 'Release B')",1,0.09523809523809523
P756,"('ER Registration', 'IV Liquid', 'ER Triage', 'ER Sepsis Triage', 'CRP', 'Leucocytes', 'IV Antibiotics', 'Admission NC', 'Leucocytes', 'CRP', 'Release A')",1,0.09523809523809523
P757,"('ER Registration', 'IV Liquid', 'ER Triage', 'ER Sepsis Triage', 'IV Antibiotics', 'CRP', 'LacticAcid', 'Leucocytes', 'Admission IC', 'CRP', 'LacticAcid', 'Leucocytes', 'CRP', 'Leucocytes', 'LacticAcid', 'LacticAcid', 'CRP', 'Leucocytes', 'Leucocytes', 'CRP', 'LacticAcid', 'Admission NC', 'Release A', 'Return ER')",1,0.09523809523809523
P758,"('ER Registration', 'IV Liquid', 'ER Triage', 'ER Sepsis Triage', 'IV Antibiotics', 'CRP', 'LacticAcid', 'Leucocytes', 'Admission NC', 'Release A')",1,0.09523809523809523
P759,"('ER Registration', 'IV Liquid', 'ER Triage', 'ER Sepsis Triage', 'IV Antibiotics', 'CRP', 'Leucocytes', 'LacticAcid', 'Admission NC', 'Release A')",1,0.09523809523809523
P760,"('ER Registration', 'IV Liquid', 'ER Triage', 'ER Sepsis Triage', 'IV Antibiotics', 'LacticAcid', 'CRP', 'Leucocytes', 'Admission NC', 'CRP', 'Release A')",1,0.09523809523809523
P761,"('ER Registration', 'IV Liquid', 'ER Triage', 'ER Sepsis Triage', 'IV Antibiotics', 'LacticAcid', 'Leucocytes', 'CRP', 'Admission NC', 'CRP', 'Leucocytes', 'Release A', 'Return ER')",1,0.09523809523809523
P762,"('ER Registration', 'IV Liquid', 'ER Triage', 'ER Sepsis Triage', 'IV Antibiotics', 'LacticAcid', 'Leucocytes', 'CRP', 'Admission NC', 'Release B')",1,0.09523809523809523
P763,"('ER Registration', 'IV Liquid', 'ER Triage', 'ER Sepsis Triage', 'IV Antibiotics', 'Leucocytes', 'LacticAcid', 'CRP', 'Admission NC', 'Leucocytes', 'LacticAcid', 'CRP', 'Leucocytes', 'CRP', 'Release A', 'Return ER')",1,0.09523809523809523
P764,"('ER Registration', 'IV Liquid', 'ER Triage', 'ER Sepsis Triage', 'LacticAcid', 'CRP', 'Leucocytes', 'IV Antibiotics')",1,0.09523809523809523
P765,"('ER Registration', 'IV Liquid', 'ER Triage', 'ER Sepsis Triage', 'LacticAcid', 'Leucocytes', 'CRP', 'IV Antibiotics', 'Admission IC', 'LacticAcid', 'Leucocytes', 'LacticAcid', 'CRP', 'Admission NC', 'CRP', 'Leucocytes', 'Release A')",1,0.09523809523809523
P766,"('ER Registration', 'IV Liquid', 'ER Triage', 'ER Sepsis Triage', 'LacticAcid', 'Leucocytes', 'CRP', 'IV Antibiotics', 'Admission NC', 'CRP', 'CRP', 'Leucocytes', 'Admission NC', 'Admission NC', 'Leucocytes', 'CRP', 'Release A')",1,0.09523809523809523
P767,"('ER Registration', 'IV Liquid', 'ER Triage', 'ER Sepsis Triage', 'LacticAcid', 'Leucocytes', 'CRP', 'IV Antibiotics', 'Admission NC', 'CRP', 'Leucocytes', 'Release A')",1,0.09523809523809523
P768,"('ER Registration', 'IV Liquid', 'ER Triage', 'ER Sepsis Triage', 'LacticAcid', 'Leucocytes', 'CRP', 'IV Antibiotics', 'Admission NC', 'Leucocytes', 'CRP', 'Release A', 'Return ER')",1,0.09523809523809523
P769,"('ER Registration', 'IV Liquid', 'ER Triage', 'ER Sepsis Triage', 'Leucocytes', 'CRP', 'LacticAcid', 'IV Antibiotics', 'Admission IC', 'Leucocytes', 'CRP', 'LacticAcid', 'Admission NC', 'Leucocytes', 'Admission NC', 'Release A', 'Return ER')",1,0.09523809523809523
P770,"('ER Registration', 'IV Liquid', 'ER Triage', 'LacticAcid', 'Leucocytes', 'CRP', 'ER Sepsis Triage', 'IV Antibiotics', 'Admission NC', 'Release A')",1,0.09523809523809523
P771,"('ER Registration', 'IV Liquid', 'ER Triage', 'Leucocytes', 'CRP', 'LacticAcid', 'ER Sepsis Triage', 'IV Antibiotics', 'Admission NC', 'Admission NC', 'Leucocytes', 'CRP', 'CRP', 'Release A', 'Return ER')",1,0.09523809523809523
P772,"('ER Registration', 'IV Liquid', 'ER Triage', 'Leucocytes', 'CRP', 'LacticAcid', 'ER Sepsis Triage', 'IV Antibiotics', 'Admission NC', 'CRP', 'Leucocytes', 'Leucocytes', 'CRP', 'Admission NC', 'Release A')",1,0.09523809523809523
P773,"('ER Registration', 'IV Liquid', 'ER Triage', 'Leucocytes', 'CRP', 'LacticAcid', 'ER Sepsis Triage', 'IV Antibiotics', 'Admission NC', 'LacticAcid', 'Leucocytes', 'Admission NC', 'Admission NC', 'Leucocytes', 'CRP', 'CRP', 'Leucocytes', 'Leucocytes', 'CRP', 'Leucocytes', 'Release A')",1,0.09523809523809523
P774,"('ER Registration', 'LacticAcid', 'CRP', 'Leucocytes', 'ER Triage', 'ER Sepsis Triage', 'IV Antibiotics', 'IV Liquid', 'Admission NC', 'Leucocytes', 'CRP', 'Leucocytes', 'CRP', 'Release A')",1,0.09523809523809523
P775,"('ER Registration', 'LacticAcid', 'CRP', 'Leucocytes', 'ER Triage', 'ER Sepsis Triage', 'IV Liquid', 'IV Antibiotics', 'Admission NC', 'Release A')",1,0.09523809523809523
P776,"('ER Registration', 'LacticAcid', 'CRP', 'Leucocytes', 'ER Triage', 'ER Sepsis Triage', 'LacticAcid', 'LacticAcid', 'IV Liquid', 'IV Antibiotics')",1,0.09523809523809523
P777,"('ER Registration', 'LacticAcid', 'Leucocytes', 'CRP', 'ER Triage', 'ER Sepsis Triage')",1,0.09523809523809523
P778,"('ER Registration', 'LacticAcid', 'Leucocytes', 'CRP', 'ER Triage', 'ER Sepsis Triage', 'Admission NC', 'Leucocytes', 'CRP', 'CRP', 'Leucocytes', 'Release A')",1,0.09523809523809523
P779,"('ER Registration', 'LacticAcid', 'Leucocytes', 'CRP', 'ER Triage', 'ER Sepsis Triage', 'IV Antibiotics')",1,0.09523809523809523
P780,"('ER Registration', 'LacticAcid', 'Leucocytes', 'CRP', 'ER Triage', 'ER Sepsis Triage', 'IV Antibiotics', 'IV Liquid', 'Admission NC', 'CRP', 'Leucocytes', 'Release A', 'Return ER')",1,0.09523809523809523
P781,"('ER Registration', 'LacticAcid', 'Leucocytes', 'CRP', 'ER Triage', 'ER Sepsis Triage', 'IV Liquid', 'IV Antibiotics', 'Admission NC', 'Admission NC', 'Leucocytes', 'CRP', 'Release A', 'Return ER')",1,0.09523809523809523
P782,"('ER Registration', 'LacticAcid', 'Leucocytes', 'CRP', 'ER Triage', 'ER Sepsis Triage', 'IV Liquid', 'IV Antibiotics', 'Leucocytes')",1,0.09523809523809523
P783,"('ER Registration', 'LacticAcid', 'Leucocytes', 'CRP', 'IV Liquid', 'ER Triage', 'ER Sepsis Triage', 'IV Antibiotics', 'Admission NC', 'CRP', 'Leucocytes', 'Release A')",1,0.09523809523809523
P784,"('ER Registration', 'Leucocytes', 'CRP', 'ER Triage', 'ER Sepsis Triage', 'IV Liquid', 'IV Antibiotics')",1,0.09523809523809523
P785,"('ER Registration', 'Leucocytes', 'CRP', 'LacticAcid', 'ER Triage', 'ER Sepsis Triage', 'IV Antibiotics', 'Admission IC', 'LacticAcid', 'Leucocytes', 'CRP', 'LacticAcid', 'Leucocytes', 'CRP', 'CRP', 'Leucocytes', 'LacticAcid', 'Admission NC', 'Leucocytes', 'CRP', 'Leucocytes', 'CRP', 'Release A')",1,0.09523809523809523
P786,"('ER Registration', 'Leucocytes', 'CRP', 'LacticAcid', 'ER Triage', 'ER Sepsis Triage', 'IV Antibiotics', 'Admission NC', 'Admission NC', 'Leucocytes', 'CRP', 'Admission NC', 'Admission IC', 'LacticAcid', 'CRP', 'Leucocytes', 'LacticAcid', 'CRP', 'Leucocytes', 'Leucocytes', 'LacticAcid', 'CRP', 'Admission NC', 'Leucocytes', 'CRP', 'CRP', 'Leucocytes', 'CRP', 'Release A')",1,0.09523809523809523
P787,"('ER Registration', 'Leucocytes', 'CRP', 'LacticAcid', 'ER Triage', 'ER Sepsis Triage', 'IV Antibiotics', 'IV Liquid', 'Admission NC', 'Admission IC', 'LacticAcid', 'CRP', 'Leucocytes', 'LacticAcid', 'CRP', 'Leucocytes', 'Leucocytes', 'CRP', 'LacticAcid', 'CRP', 'Leucocytes', 'LacticAcid', 'CRP', 'LacticAcid', 'Leucocytes', 'Admission NC', 'CRP', 'Release A')",1,0.09523809523809523
P788,"('ER Registration', 'Leucocytes', 'CRP', 'LacticAcid', 'ER Triage', 'ER Sepsis Triage', 'IV Antibiotics', 'IV Liquid', 'Admission NC', 'Leucocytes', 'CRP', 'Release A')",1,0.09523809523809523
P789,"('ER Registration', 'Leucocytes', 'CRP', 'LacticAcid', 'ER Triage', 'ER Sepsis Triage', 'IV Liquid', 'IV Antibiotics', 'Admission NC')",1,0.09523809523809523
P790,"('ER Registration', 'Leucocytes', 'CRP', 'LacticAcid', 'ER Triage', 'ER Sepsis Triage', 'IV Liquid', 'IV Antibiotics', 'Admission NC', 'Admission NC', 'CRP', 'Leucocytes', 'CRP', 'Leucocytes', 'Release A', 'Return ER')",1,0.09523809523809523
P791,"('ER Registration', 'Leucocytes', 'CRP', 'LacticAcid', 'ER Triage', 'ER Sepsis Triage', 'IV Liquid', 'IV Antibiotics', 'Admission NC', 'CRP', 'Leucocytes', 'CRP', 'Admission NC', 'Leucocytes', 'CRP', 'CRP', 'Leucocytes', 'Release A')",1,0.09523809523809523
P792,"('ER Registration', 'Leucocytes', 'CRP', 'LacticAcid', 'ER Triage', 'ER Sepsis Triage', 'IV Liquid', 'IV Antibiotics', 'Admission NC', 'CRP', 'Leucocytes', 'Leucocytes', 'CRP', 'Leucocytes', 'CRP', 'CRP', 'Leucocytes', 'Leucocytes', 'CRP', 'CRP', 'Leucocytes', 'Release A')",1,0.09523809523809523
P793,"('ER Registration', 'Leucocytes', 'CRP', 'LacticAcid', 'ER Triage', 'ER Sepsis Triage', 'IV Liquid', 'IV Antibiotics', 'Admission NC', 'Leucocytes', 'Admission NC', 'CRP', 'Leucocytes', 'Release A')",1,0.09523809523809523
P794,"('ER Registration', 'Leucocytes', 'CRP', 'LacticAcid', 'IV Liquid', 'ER Triage', 'ER Sepsis Triage', 'IV Antibiotics')",1,0.09523809523809523
P795,"('ER Registration', 'Leucocytes', 'LacticAcid', 'CRP', 'ER Triage', 'ER Sepsis Triage', 'IV Antibiotics')",1,0.09523809523809523
P796,"('ER Registration', 'Leucocytes', 'LacticAcid', 'CRP', 'ER Triage', 'ER Sepsis Triage', 'IV Antibiotics', 'Admission NC', 'Admission NC', 'IV Liquid', 'Release A')",1,0.09523809523809523
P797,"('ER Registration', 'Leucocytes', 'LacticAcid', 'CRP', 'ER Triage', 'ER Sepsis Triage', 'IV Antibiotics', 'IV Liquid')",1,0.09523809523809523
P798,"('ER Registration', 'Leucocytes', 'LacticAcid', 'CRP', 'ER Triage', 'ER Sepsis Triage', 'IV Liquid', 'IV Antibiotics', 'Admission NC', 'Admission NC', 'CRP', 'CRP', 'Leucocytes', 'CRP', 'Leucocytes', 'Release A')",1,0.09523809523809523
P799,"('ER Registration', 'Leucocytes', 'LacticAcid', 'CRP', 'ER Triage', 'ER Sepsis Triage', 'IV Liquid', 'IV Antibiotics', 'Admission NC', 'Admission NC', 'CRP', 'Leucocytes', 'Release A', 'Return ER')",1,0.09523809523809523
P800,"('ER Registration', 'Leucocytes', 'LacticAcid', 'CRP', 'ER Triage', 'ER Sepsis Triage', 'IV Liquid', 'IV Antibiotics', 'Admission NC', 'Leucocytes', 'CRP', 'Release A', 'Return ER')",1,0.09523809523809523
P801,"('ER Registration', 'Leucocytes', 'LacticAcid', 'CRP', 'ER Triage', 'ER Sepsis Triage', 'IV Liquid', 'IV Antibiotics', 'Leucocytes')",1,0.09523809523809523
P802,"('ER Sepsis Triage', 'ER Registration', 'ER Triage', 'CRP', 'Leucocytes', 'LacticAcid', 'IV Antibiotics', 'IV Liquid', 'Admission NC', 'Leucocytes', 'CRP', 'Admission NC', 'Leucocytes', 'CRP', 'Release B')",1,0.09523809523809523
P803,"('ER Sepsis Triage', 'ER Registration', 'ER Triage', 'IV Liquid', 'IV Antibiotics', 'CRP', 'LacticAcid', 'Leucocytes', 'Admission IC', 'LacticAcid', 'Leucocytes', 'CRP', 'LacticAcid', 'Leucocytes', 'CRP', 'LacticAcid', 'Leucocytes', 'CRP', 'LacticAcid', 'Admission NC', 'CRP', 'Leucocytes', 'CRP', 'Leucocytes', 'Release A', 'Return ER')",1,0.09523809523809523
P804,"('ER Sepsis Triage', 'ER Registration', 'ER Triage', 'IV Liquid', 'IV Antibiotics', 'CRP', 'Leucocytes', 'LacticAcid', 'Admission NC', 'CRP', 'Leucocytes', 'Admission NC', 'Leucocytes', 'CRP', 'Leucocytes', 'CRP', 'Release A')",1,0.09523809523809523
P805,"('ER Sepsis Triage', 'ER Registration', 'ER Triage', 'Leucocytes', 'CRP')",1,0.09523809523809523
P806,"('ER Sepsis Triage', 'ER Registration', 'ER Triage', 'Leucocytes', 'CRP', 'LacticAcid', 'IV Liquid', 'IV Antibiotics', 'Admission IC', 'LacticAcid', 'CRP', 'CRP', 'LacticAcid', 'Leucocytes', 'Admission NC', 'Release A', 'Return ER')",1,0.09523809523809523
P807,"('ER Sepsis Triage', 'IV Antibiotics', 'IV Liquid', 'ER Registration', 'ER Triage', 'CRP', 'Leucocytes', 'LacticAcid', 'Admission NC', 'Admission NC', 'CRP', 'Leucocytes', 'Admission NC', 'Leucocytes', 'CRP', 'Leucocytes', 'Admission NC', 'Leucocytes', 'Leucocytes', 'Release A', 'Return ER')",1,0.09523809523809523
P808,"('ER Sepsis Triage', 'IV Liquid', 'IV Antibiotics', 'ER Registration', 'ER Triage', 'LacticAcid', 'CRP', 'Leucocytes', 'LacticAcid', 'CRP', 'Leucocytes')",1,0.09523809523809523
P809,"('ER Triage', 'ER Registration', 'ER Sepsis Triage', 'CRP', 'Leucocytes', 'LacticAcid', 'IV Liquid', 'IV Antibiotics', 'Admission NC', 'Leucocytes', 'CRP', 'Admission NC', 'Release A', 'Return ER')",1,0.09523809523809523
P810,"('ER Triage', 'ER Registration', 'ER Sepsis Triage', 'IV Liquid', 'IV Antibiotics', 'Leucocytes', 'CRP', 'LacticAcid', 'Admission NC', 'Admission NC', 'CRP', 'Leucocytes', 'CRP', 'Leucocytes', 'Release C', 'Return ER')",1,0.09523809523809523
P811,"('ER Triage', 'ER Registration', 'ER Sepsis Triage', 'IV Liquid', 'IV Antibiotics', 'Leucocytes', 'CRP', 'LacticAcid', 'Admission NC', 'Leucocytes', 'Release A', 'Return ER')",1,0.09523809523809523
P812,"('ER Triage', 'ER Registration', 'Leucocytes', 'CRP', 'LacticAcid', 'ER Sepsis Triage', 'Admission NC', 'IV Liquid', 'IV Antibiotics')",1,0.09523809523809523
P813,"('ER Triage', 'ER Registration', 'Leucocytes', 'CRP', 'LacticAcid', 'ER Sepsis Triage', 'IV Antibiotics')",1,0.09523809523809523
P814,"('ER Triage', 'Leucocytes', 'CRP', 'LacticAcid', 'Leucocytes', 'ER Registration', 'Admission IC', 'LacticAcid', 'Leucocytes', 'CRP', 'CRP', 'LacticAcid', 'Leucocytes', 'CRP', 'Leucocytes', 'LacticAcid', 'Leucocytes', 'LacticAcid', 'CRP', 'Leucocytes', 'CRP', 'LacticAcid', 'LacticAcid', 'CRP', 'Leucocytes', 'Admission NC', 'Leucocytes', 'CRP', 'Release A', 'Return ER')",1,0.09523809523809523
P815,"('Leucocytes', 'CRP', 'ER Registration', 'ER Triage', 'ER Sepsis Triage', 'CRP', 'LacticAcid', 'Leucocytes', 'IV Liquid', 'IV Antibiotics', 'Admission NC', 'Leucocytes', 'CRP', 'Admission NC', 'CRP', 'Leucocytes', 'Leucocytes', 'Leucocytes', 'CRP', 'Leucocytes', 'CRP', 'CRP', 'Leucocytes', 'CRP', 'Leucocytes', 'Leucocytes', 'CRP', 'Leucocytes', 'CRP', 'Release A')",1,0.09523809523809523
P816,"('IV Liquid', 'ER Registration', 'ER Triage', 'ER Sepsis Triage', 'IV Antibiotics', 'CRP', 'Leucocytes', 'LacticAcid', 'Admission NC', 'Admission NC', 'Leucocytes', 'CRP', 'Leucocytes', 'CRP', 'Release A')",1,0.09523809523809523
P817,"('IV Liquid', 'ER Registration', 'ER Triage', 'ER Sepsis Triage', 'IV Antibiotics', 'LacticAcid', 'Leucocytes', 'CRP', 'Admission NC', 'Admission NC', 'CRP', 'Leucocytes', 'Leucocytes', 'Release A', 'Return ER')",1,0.09523809523809523
P818,"('IV Liquid', 'ER Registration', 'ER Triage', 'ER Sepsis Triage', 'IV Antibiotics', 'Leucocytes', 'CRP', 'LacticAcid', 'Admission NC', 'Admission NC', 'CRP', 'Leucocytes', 'CRP', 'Leucocytes', 'CRP', 'Release A', 'Return ER')",1,0.09523809523809523
P819,"('IV Liquid', 'ER Registration', 'ER Triage', 'ER Sepsis Triage', 'IV Antibiotics', 'Leucocytes', 'LacticAcid', 'CRP', 'Admission NC', 'Leucocytes', 'CRP', 'Leucocytes', 'CRP', 'Release A', 'Return ER')",1,0.09523809523809523
P820,"('IV Liquid', 'ER Registration', 'ER Triage', 'ER Sepsis Triage', 'LacticAcid', 'CRP', 'Leucocytes', 'IV Antibiotics')",1,0.09523809523809523
P821,"('IV Liquid', 'ER Registration', 'ER Triage', 'ER Sepsis Triage', 'LacticAcid', 'CRP', 'Leucocytes', 'IV Antibiotics', 'Admission NC', 'Admission NC', 'Release A', 'Return ER')",1,0.09523809523809523
P822,"('IV Liquid', 'ER Registration', 'ER Triage', 'ER Sepsis Triage', 'LacticAcid', 'Leucocytes', 'CRP', 'IV Antibiotics', 'Admission IC', 'LacticAcid', 'CRP', 'Leucocytes', 'Leucocytes', 'CRP', 'LacticAcid', 'Leucocytes', 'LacticAcid', 'CRP', 'CRP', 'Leucocytes', 'LacticAcid', 'CRP', 'LacticAcid', 'Leucocytes', 'LacticAcid', 'Leucocytes', 'CRP', 'CRP', 'Leucocytes', 'LacticAcid', 'Admission NC', 'CRP', 'Leucocytes', 'Leucocytes', 'Release A', 'Return ER')",1,0.09523809523809523
P823,"('IV Liquid', 'ER Registration', 'ER Triage', 'ER Sepsis Triage', 'LacticAcid', 'Leucocytes', 'CRP', 'IV Antibiotics', 'Admission IC', 'Leucocytes', 'CRP', 'LacticAcid', 'CRP', 'LacticAcid', 'Leucocytes', 'Admission NC', 'Leucocytes', 'CRP', 'Leucocytes', 'CRP', 'Leucocytes', 'CRP', 'Leucocytes', 'CRP', 'CRP', 'Leucocytes', 'Leucocytes', 'CRP', 'Leucocytes', 'CRP', 'Release A')",1,0.09523809523809523
P824,"('IV Liquid', 'ER Registration', 'ER Triage', 'ER Sepsis Triage', 'LacticAcid', 'Leucocytes', 'CRP', 'IV Antibiotics', 'Admission NC', 'Leucocytes', 'CRP', 'LacticAcid', 'CRP', 'LacticAcid', 'Leucocytes', 'Release B')",1,0.09523809523809523
P825,"('IV Liquid', 'ER Registration', 'ER Triage', 'ER Sepsis Triage', 'Leucocytes', 'CRP', 'LacticAcid', 'IV Antibiotics', 'Admission NC', 'Leucocytes', 'CRP', 'LacticAcid', 'CRP', 'Leucocytes', 'CRP', 'Leucocytes', 'Release A', 'Return ER')",1,0.09523809523809523
P826,"('IV Liquid', 'ER Registration', 'ER Triage', 'ER Sepsis Triage', 'Leucocytes', 'CRP', 'LacticAcid', 'IV Antibiotics', 'Admission NC', 'Release A', 'Return ER')",1,0.09523809523809523
P827,"('IV Liquid', 'ER Registration', 'ER Triage', 'ER Sepsis Triage', 'Leucocytes', 'LacticAcid', 'CRP', 'IV Antibiotics', 'LacticAcid', 'Admission IC', 'LacticAcid', 'CRP', 'LacticAcid', 'Leucocytes', 'LacticAcid', 'Leucocytes', 'CRP', 'Leucocytes', 'LacticAcid', 'LacticAcid', 'CRP', 'Leucocytes', 'Leucocytes', 'LacticAcid', 'CRP', 'Leucocytes', 'CRP', 'LacticAcid', 'Leucocytes', 'CRP', 'LacticAcid', 'Leucocytes', 'CRP', 'LacticAcid', 'Admission NC', 'Leucocytes', 'CRP', 'Leucocytes', 'CRP', 'CRP', 'Leucocytes', 'CRP', 'Leucocytes', 'Leucocytes', 'CRP', 'Leucocytes', 'CRP', 'Leucocytes', 'CRP', 'Leucocytes', 'CRP', 'CRP', 'Leucocytes', 'Leucocytes', 'CRP', 'Leucocytes', 'Leucocytes', 'CRP', 'Leucocytes', 'CRP', 'Admission IC', 'LacticAcid', 'Leucocytes', 'CRP', 'Leucocytes', 'Release B')",1,0.09523809523809523
P828,"('IV Liquid', 'ER Registration', 'ER Triage', 'Leucocytes', 'CRP', 'LacticAcid', 'ER Sepsis Triage', 'IV Antibiotics', 'Admission IC', 'LacticAcid', 'CRP', 'Leucocytes')",1,0.09523809523809523
P829,"('Leucocytes', 'CRP', 'ER Registration', 'ER Triage', 'ER Sepsis Triage')",1,0.09523809523809523
P830,"('Leucocytes', 'ER Registration', 'ER Triage', 'ER Sepsis Triage', 'Leucocytes', 'CRP')",1,0.09523809523809523
P831,"('ER Registration', 'CRP', 'Leucocytes', 'ER Triage', 'ER Sepsis Triage')",1,0.09523809523809523
P832,"('Leucocytes', 'CRP', 'ER Registration', 'ER Triage', 'ER Sepsis Triage', 'IV Antibiotics', 'Admission NC', 'CRP', 'Leucocytes', 'Admission NC', 'CRP', 'Leucocytes', 'Admission NC', 'Admission IC', 'Leucocytes', 'LacticAcid', 'CRP', 'CRP', 'LacticAcid', 'Leucocytes', 'Leucocytes', 'Leucocytes', 'LacticAcid', 'CRP', 'Admission NC', 'Leucocytes', 'CRP', 'Leucocytes', 'CRP', 'Leucocytes', 'CRP', 'CRP', 'Leucocytes', 'Release A')",1,0.09523809523809523
P833,"('Leucocytes', 'CRP', 'ER Registration', 'ER Triage', 'ER Sepsis Triage', 'IV Antibiotics', 'Admission NC', 'Leucocytes', 'CRP', 'Leucocytes', 'CRP', 'CRP', 'CRP', 'Leucocytes', 'CRP', 'Release A')",1,0.09523809523809523
P834,"('Leucocytes', 'CRP', 'ER Registration', 'ER Triage', 'ER Sepsis Triage', 'IV Antibiotics', 'Admission NC', 'Release A')",1,0.09523809523809523
P835,"('Leucocytes', 'CRP', 'ER Registration', 'ER Triage', 'ER Sepsis Triage', 'IV Liquid', 'IV Antibiotics', 'CRP', 'Leucocytes', 'LacticAcid', 'Admission NC', 'Leucocytes', 'LacticAcid', 'Admission NC', 'Leucocytes', 'CRP', 'Admission IC', 'LacticAcid', 'Leucocytes', 'CRP', 'Release B')",1,0.09523809523809523
P836,"('Leucocytes', 'CRP', 'ER Registration', 'ER Triage', 'ER Sepsis Triage', 'IV Liquid', 'LacticAcid', 'CRP', 'Leucocytes', 'IV Antibiotics', 'Admission NC', 'CRP', 'CRP', 'Leucocytes', 'CRP', 'Leucocytes', 'Release A')",1,0.09523809523809523
P837,"('Leucocytes', 'CRP', 'ER Registration', 'ER Triage', 'ER Sepsis Triage', 'IV Liquid', 'LacticAcid', 'IV Antibiotics', 'Admission NC', 'Admission NC', 'CRP', 'Leucocytes', 'CRP', 'CRP', 'Release A')",1,0.09523809523809523
P838,"('Leucocytes', 'CRP', 'ER Registration', 'ER Triage', 'ER Sepsis Triage', 'IV Liquid', 'LacticAcid', 'Leucocytes', 'CRP', 'IV Antibiotics', 'Admission NC', 'Leucocytes', 'CRP', 'Admission NC', 'CRP', 'Leucocytes', 'Leucocytes', 'Leucocytes', 'CRP', 'Leucocytes', 'Leucocytes', 'Leucocytes', 'Leucocytes', 'Leucocytes', 'CRP', 'Leucocytes', 'Leucocytes', 'Leucocytes', 'Leucocytes', 'Leucocytes', 'Leucocytes', 'CRP', 'CRP', 'Leucocytes', 'Leucocytes', 'CRP', 'Leucocytes', 'CRP', 'CRP', 'Leucocytes', 'Leucocytes', 'CRP', 'Leucocytes', 'Leucocytes', 'CRP', 'Leucocytes', 'CRP', 'Leucocytes', 'CRP', 'Leucocytes', 'Leucocytes', 'Leucocytes', 'CRP', 'CRP', 'Leucocytes', 'CRP', 'Leucocytes', 'Leucocytes', 'CRP', 'Leucocytes', 'Admission IC', 'Leucocytes', 'CRP', 'LacticAcid', 'CRP', 'LacticAcid', 'Leucocytes', 'LacticAcid', 'Leucocytes', 'CRP', 'Leucocytes', 'CRP', 'LacticAcid', 'Admission NC', 'Leucocytes', 'Leucocytes', 'Leucocytes', 'Leucocytes', 'CRP', 'Leucocytes', 'Leucocytes', 'CRP', 'Leucocytes', 'Leucocytes', 'CRP', 'CRP', 'Leucocytes', 'Release D')",1,0.09523809523809523
P839,"('Leucocytes', 'CRP', 'ER Registration', 'ER Triage', 'ER Sepsis Triage', 'LacticAcid', 'Leucocytes', 'CRP', 'IV Liquid', 'IV Antibiotics', 'Admission NC', 'Leucocytes', 'CRP', 'CRP', 'Leucocytes', 'Release A')",1,0.09523809523809523
P840,"('Leucocytes', 'CRP', 'ER Registration', 'ER Triage', 'ER Sepsis Triage', 'LacticAcid', 'Leucocytes', 'CRP', 'IV Liquid', 'IV Antibiotics', 'Admission NC', 'Leucocytes', 'CRP', 'LacticAcid', 'Leucocytes', 'CRP', 'Admission NC', 'Admission NC', 'CRP', 'Leucocytes', 'CRP', 'Leucocytes', 'CRP', 'Admission NC', 'Release B')",1,0.09523809523809523
P841,"('Leucocytes', 'CRP', 'ER Registration', 'ER Triage', 'Leucocytes', 'CRP', 'LacticAcid', 'ER Sepsis Triage', 'IV Liquid', 'IV Antibiotics', 'Admission NC', 'CRP', 'Release A')",1,0.09523809523809523
P842,"('Leucocytes', 'ER Registration', 'ER Triage', 'ER Sepsis Triage', 'CRP', 'LacticAcid', 'Leucocytes', 'IV Antibiotics', 'Admission NC', 'Admission NC', 'Leucocytes', 'Release A')",1,0.09523809523809523
P843,"('Leucocytes', 'ER Registration', 'ER Triage', 'ER Sepsis Triage', 'CRP', 'LacticAcid', 'Leucocytes', 'IV Liquid', 'IV Antibiotics', 'Admission NC', 'CRP', 'Leucocytes', 'Release A')",1,0.09523809523809523
P844,"('Leucocytes', 'ER Registration', 'ER Triage', 'ER Sepsis Triage', 'IV Liquid', 'CRP', 'Leucocytes', 'LacticAcid', 'IV Antibiotics', 'Admission NC', 'CRP', 'Leucocytes', 'Release A')",1,0.09523809523809523
P845,"('Leucocytes', 'ER Registration', 'ER Triage', 'ER Sepsis Triage', 'IV Liquid', 'Leucocytes', 'CRP', 'LacticAcid', 'IV Antibiotics', 'Admission NC', 'Leucocytes', 'CRP', 'Release A', 'Return ER')",1,0.09523809523809523
P846,"('CRP', 'LacticAcid', 'Leucocytes', 'ER Registration', 'ER Triage', 'ER Sepsis Triage', 'IV Liquid', 'IV Antibiotics', 'Admission NC', 'Leucocytes', 'CRP', 'CRP', 'Leucocytes', 'CRP', 'Leucocytes', 'Leucocytes', 'CRP', 'Release C')",1,0.09523809523809523
